pair,project_id,before,after,note,tool,before_total,after_total,before_on_touched,after_on_touched,resolved,resolved_functions,detects,detects_strict
p1,raouf-b-dev__ecommerce-store-api,987bad7a,acda9e0a,domain service moved to application,da-symbolic-all,590,590,10,10,0,,0,0
p1,raouf-b-dev__ecommerce-store-api,987bad7a,acda9e0a,domain service moved to application,da-comparable,189,189,6,6,0,,0,0
p1,raouf-b-dev__ecommerce-store-api,987bad7a,acda9e0a,domain service moved to application,depcruise,188,188,6,6,0,,0,0
p2,raouf-b-dev__ecommerce-store-api,1e440981,9c2429c5,cross-module dependency replaced by a port (merge; first parent),da-symbolic-all,549,561,9,19,0,,0,0
p2,raouf-b-dev__ecommerce-store-api,1e440981,9c2429c5,cross-module dependency replaced by a port (merge; first parent),da-comparable,85,85,0,0,0,,0,0
p2,raouf-b-dev__ecommerce-store-api,1e440981,9c2429c5,cross-module dependency replaced by a port (merge; first parent),depcruise,85,85,0,0,0,,0,0
p3,raouf-b-dev__ecommerce-store-api,0496d240,f3333d1c,bounded contexts isolated with gateway adapters (merge; first parent),da-symbolic-all,570,580,34,44,3,FF-C01 FF-S01 FF-S04,1,0
p3,raouf-b-dev__ecommerce-store-api,0496d240,f3333d1c,bounded contexts isolated with gateway adapters (merge; first parent),da-comparable,185,183,17,15,2,FF-S01 FF-S04,1,0
p3,raouf-b-dev__ecommerce-store-api,0496d240,f3333d1c,bounded contexts isolated with gateway adapters (merge; first parent),depcruise,184,182,17,15,2,FF-S01 FF-S04,1,0
p4,raouf-b-dev__ecommerce-store-api,f0e4db91,bb0e295a,DDD boundaries and hexagonal isolation hardened,da-symbolic-all,682,653,68,38,30,FF-C01 FF-C02 FF-P01 FF-S01 FF-S04,1,0
p4,raouf-b-dev__ecommerce-store-api,f0e4db91,bb0e295a,DDD boundaries and hexagonal isolation hardened,da-comparable,203,181,22,0,22,FF-P01 FF-S01 FF-S04,1,1
p4,raouf-b-dev__ecommerce-store-api,f0e4db91,bb0e295a,DDD boundaries and hexagonal isolation hardened,depcruise,202,180,22,0,22,FF-P01 FF-S01 FF-S04,1,1
p5,zhuravlevma__typescript-ddd-architecture,39b5a39f,100deb60,wiring only: typeorm moved to infra module,da-symbolic-all,53,53,2,2,0,,0,0
p5,zhuravlevma__typescript-ddd-architecture,39b5a39f,100deb60,wiring only: typeorm moved to infra module,da-comparable,7,7,2,2,0,,0,0
p5,zhuravlevma__typescript-ddd-architecture,39b5a39f,100deb60,wiring only: typeorm moved to infra module,depcruise,7,7,2,2,0,,0,0
