pair,tool,key
p3,da-symbolic-all,"[""FF-S01"",""src/modules/carts/core/application/ports/inventory.gateway.ts"",""src/modules/inventory/primary-adapters/dto/check-stock-response.dto.ts""]"
p3,da-symbolic-all,"[""FF-S04"",""src/modules/carts/core/application/ports/inventory.gateway.ts"",""src/modules/inventory/primary-adapters/dto/check-stock-response.dto.ts""]"
p3,da-symbolic-all,"[""FF-C01"",""src/modules/carts/core/application/ports/inventory.gateway.ts"",""""]"
p3,da-comparable,"[""FF-S01"",""src/modules/carts/core/application/ports/inventory.gateway.ts"",""src/modules/inventory/primary-adapters/dto/check-stock-response.dto.ts""]"
p3,da-comparable,"[""FF-S04"",""src/modules/carts/core/application/ports/inventory.gateway.ts"",""src/modules/inventory/primary-adapters/dto/check-stock-response.dto.ts""]"
p3,depcruise,"[""FF-S01"",""src/modules/carts/core/application/ports/inventory.gateway.ts"",""src/modules/inventory/primary-adapters/dto/check-stock-response.dto.ts""]"
p3,depcruise,"[""FF-S04"",""src/modules/carts/core/application/ports/inventory.gateway.ts"",""src/modules/inventory/primary-adapters/dto/check-stock-response.dto.ts""]"
p4,da-symbolic-all,"[""FF-S01"",""src/modules/carts/core/domain/repositories/cart.repository.ts"",""src/modules/carts/primary-adapters/dto/create-cart.dto.ts""]"
p4,da-symbolic-all,"[""FF-S01"",""src/modules/inventory/core/domain/repositories/inventory.repository.ts"",""src/modules/inventory/primary-adapters/dto/low-stock-query.dto.ts""]"
p4,da-symbolic-all,"[""FF-S01"",""src/modules/inventory/core/domain/repositories/reservation.repository.ts"",""src/modules/inventory/primary-adapters/dto/reserve-stock.dto.ts""]"
p4,da-symbolic-all,"[""FF-S01"",""src/modules/orders/core/domain/factories/order.factory.ts"",""src/modules/orders/primary-adapters/dto/create-order-item.dto.ts""]"
p4,da-symbolic-all,"[""FF-S01"",""src/modules/orders/core/domain/factories/order.factory.ts"",""src/modules/orders/primary-adapters/dto/create-order.dto.ts""]"
p4,da-symbolic-all,"[""FF-S01"",""src/modules/orders/core/domain/factories/order.factory.ts"",""src/modules/orders/primary-adapters/dto/update-order.dto.ts""]"
p4,da-symbolic-all,"[""FF-S01"",""src/modules/orders/core/domain/repositories/order-repository.ts"",""src/modules/orders/primary-adapters/dto/create-order-item.dto.ts""]"
p4,da-symbolic-all,"[""FF-S01"",""src/modules/orders/core/domain/repositories/order-repository.ts"",""src/modules/orders/primary-adapters/dto/list-orders-query.dto.ts""]"
p4,da-symbolic-all,"[""FF-S01"",""src/modules/products/core/domain/repositories/product-repository.ts"",""src/modules/products/primary-adapters/dto/create-product.dto.ts""]"
p4,da-symbolic-all,"[""FF-S01"",""src/modules/products/core/domain/repositories/product-repository.ts"",""src/modules/products/primary-adapters/dto/update-product.dto.ts""]"
p4,da-symbolic-all,"[""FF-S04"",""src/modules/carts/core/domain/repositories/cart.repository.ts"",""src/modules/carts/primary-adapters/dto/create-cart.dto.ts""]"
p4,da-symbolic-all,"[""FF-S04"",""src/modules/inventory/core/domain/repositories/inventory.repository.ts"",""src/modules/inventory/primary-adapters/dto/low-stock-query.dto.ts""]"
p4,da-symbolic-all,"[""FF-S04"",""src/modules/inventory/core/domain/repositories/reservation.repository.ts"",""src/modules/inventory/primary-adapters/dto/reserve-stock.dto.ts""]"
p4,da-symbolic-all,"[""FF-S04"",""src/modules/orders/core/domain/factories/order.factory.ts"",""src/modules/orders/primary-adapters/dto/create-order-item.dto.ts""]"
p4,da-symbolic-all,"[""FF-S04"",""src/modules/orders/core/domain/factories/order.factory.ts"",""src/modules/orders/primary-adapters/dto/create-order.dto.ts""]"
p4,da-symbolic-all,"[""FF-S04"",""src/modules/orders/core/domain/factories/order.factory.ts"",""src/modules/orders/primary-adapters/dto/update-order.dto.ts""]"
p4,da-symbolic-all,"[""FF-S04"",""src/modules/orders/core/domain/repositories/order-repository.ts"",""src/modules/orders/primary-adapters/dto/create-order-item.dto.ts""]"
p4,da-symbolic-all,"[""FF-S04"",""src/modules/orders/core/domain/repositories/order-repository.ts"",""src/modules/orders/primary-adapters/dto/list-orders-query.dto.ts""]"
p4,da-symbolic-all,"[""FF-S04"",""src/modules/products/core/domain/repositories/product-repository.ts"",""src/modules/products/primary-adapters/dto/create-product.dto.ts""]"
p4,da-symbolic-all,"[""FF-S04"",""src/modules/products/core/domain/repositories/product-repository.ts"",""src/modules/products/primary-adapters/dto/update-product.dto.ts""]"
p4,da-symbolic-all,"[""FF-P01"",""src/modules/orders/core/domain/factories/order.factory.ts"",""@nestjs/common""]"
p4,da-symbolic-all,"[""FF-P01"",""src/modules/orders/core/domain/services/payment-method-policy.ts"",""@nestjs/common""]"
p4,da-symbolic-all,"[""FF-C01"",""src/modules/carts/core/domain/repositories/cart.repository.ts"",""""]"
p4,da-symbolic-all,"[""FF-C01"",""src/modules/inventory/core/domain/repositories/inventory.repository.ts"",""""]"
p4,da-symbolic-all,"[""FF-C01"",""src/modules/inventory/core/domain/repositories/reservation.repository.ts"",""""]"
p4,da-symbolic-all,"[""FF-C01"",""src/modules/orders/core/domain/factories/order.factory.ts"",""""]"
p4,da-symbolic-all,"[""FF-C01"",""src/modules/orders/core/domain/repositories/order-repository.ts"",""""]"
p4,da-symbolic-all,"[""FF-C01"",""src/modules/products/core/domain/repositories/product-repository.ts"",""""]"
p4,da-symbolic-all,"[""FF-C02"",""src/modules/orders/secondary-adapters/repositories/cached-order-repository/cached.order-repository.ts"",""""]"
p4,da-symbolic-all,"[""FF-C02"",""src/modules/orders/secondary-adapters/repositories/postgres-order-repository/postgres.order-repository.ts"",""""]"
p4,da-comparable,"[""FF-S01"",""src/modules/carts/core/domain/repositories/cart.repository.ts"",""src/modules/carts/primary-adapters/dto/create-cart.dto.ts""]"
p4,da-comparable,"[""FF-S01"",""src/modules/inventory/core/domain/repositories/inventory.repository.ts"",""src/modules/inventory/primary-adapters/dto/low-stock-query.dto.ts""]"
p4,da-comparable,"[""FF-S01"",""src/modules/inventory/core/domain/repositories/reservation.repository.ts"",""src/modules/inventory/primary-adapters/dto/reserve-stock.dto.ts""]"
p4,da-comparable,"[""FF-S01"",""src/modules/orders/core/domain/factories/order.factory.ts"",""src/modules/orders/primary-adapters/dto/create-order-item.dto.ts""]"
p4,da-comparable,"[""FF-S01"",""src/modules/orders/core/domain/factories/order.factory.ts"",""src/modules/orders/primary-adapters/dto/create-order.dto.ts""]"
p4,da-comparable,"[""FF-S01"",""src/modules/orders/core/domain/factories/order.factory.ts"",""src/modules/orders/primary-adapters/dto/update-order.dto.ts""]"
p4,da-comparable,"[""FF-S01"",""src/modules/orders/core/domain/repositories/order-repository.ts"",""src/modules/orders/primary-adapters/dto/create-order-item.dto.ts""]"
p4,da-comparable,"[""FF-S01"",""src/modules/orders/core/domain/repositories/order-repository.ts"",""src/modules/orders/primary-adapters/dto/list-orders-query.dto.ts""]"
p4,da-comparable,"[""FF-S01"",""src/modules/products/core/domain/repositories/product-repository.ts"",""src/modules/products/primary-adapters/dto/create-product.dto.ts""]"
p4,da-comparable,"[""FF-S01"",""src/modules/products/core/domain/repositories/product-repository.ts"",""src/modules/products/primary-adapters/dto/update-product.dto.ts""]"
p4,da-comparable,"[""FF-S04"",""src/modules/carts/core/domain/repositories/cart.repository.ts"",""src/modules/carts/primary-adapters/dto/create-cart.dto.ts""]"
p4,da-comparable,"[""FF-S04"",""src/modules/inventory/core/domain/repositories/inventory.repository.ts"",""src/modules/inventory/primary-adapters/dto/low-stock-query.dto.ts""]"
p4,da-comparable,"[""FF-S04"",""src/modules/inventory/core/domain/repositories/reservation.repository.ts"",""src/modules/inventory/primary-adapters/dto/reserve-stock.dto.ts""]"
p4,da-comparable,"[""FF-S04"",""src/modules/orders/core/domain/factories/order.factory.ts"",""src/modules/orders/primary-adapters/dto/create-order-item.dto.ts""]"
p4,da-comparable,"[""FF-S04"",""src/modules/orders/core/domain/factories/order.factory.ts"",""src/modules/orders/primary-adapters/dto/create-order.dto.ts""]"
p4,da-comparable,"[""FF-S04"",""src/modules/orders/core/domain/factories/order.factory.ts"",""src/modules/orders/primary-adapters/dto/update-order.dto.ts""]"
p4,da-comparable,"[""FF-S04"",""src/modules/orders/core/domain/repositories/order-repository.ts"",""src/modules/orders/primary-adapters/dto/create-order-item.dto.ts""]"
p4,da-comparable,"[""FF-S04"",""src/modules/orders/core/domain/repositories/order-repository.ts"",""src/modules/orders/primary-adapters/dto/list-orders-query.dto.ts""]"
p4,da-comparable,"[""FF-S04"",""src/modules/products/core/domain/repositories/product-repository.ts"",""src/modules/products/primary-adapters/dto/create-product.dto.ts""]"
p4,da-comparable,"[""FF-S04"",""src/modules/products/core/domain/repositories/product-repository.ts"",""src/modules/products/primary-adapters/dto/update-product.dto.ts""]"
p4,da-comparable,"[""FF-P01"",""src/modules/orders/core/domain/factories/order.factory.ts"",""@nestjs/common""]"
p4,da-comparable,"[""FF-P01"",""src/modules/orders/core/domain/services/payment-method-policy.ts"",""@nestjs/common""]"
p4,depcruise,"[""FF-P01"",""src/modules/orders/core/domain/factories/order.factory.ts"",""@nestjs/common""]"
p4,depcruise,"[""FF-P01"",""src/modules/orders/core/domain/services/payment-method-policy.ts"",""@nestjs/common""]"
p4,depcruise,"[""FF-S01"",""src/modules/carts/core/domain/repositories/cart.repository.ts"",""src/modules/carts/primary-adapters/dto/create-cart.dto.ts""]"
p4,depcruise,"[""FF-S01"",""src/modules/inventory/core/domain/repositories/inventory.repository.ts"",""src/modules/inventory/primary-adapters/dto/low-stock-query.dto.ts""]"
p4,depcruise,"[""FF-S01"",""src/modules/inventory/core/domain/repositories/reservation.repository.ts"",""src/modules/inventory/primary-adapters/dto/reserve-stock.dto.ts""]"
p4,depcruise,"[""FF-S01"",""src/modules/orders/core/domain/factories/order.factory.ts"",""src/modules/orders/primary-adapters/dto/create-order-item.dto.ts""]"
p4,depcruise,"[""FF-S01"",""src/modules/orders/core/domain/factories/order.factory.ts"",""src/modules/orders/primary-adapters/dto/create-order.dto.ts""]"
p4,depcruise,"[""FF-S01"",""src/modules/orders/core/domain/factories/order.factory.ts"",""src/modules/orders/primary-adapters/dto/update-order.dto.ts""]"
p4,depcruise,"[""FF-S01"",""src/modules/orders/core/domain/repositories/order-repository.ts"",""src/modules/orders/primary-adapters/dto/create-order-item.dto.ts""]"
p4,depcruise,"[""FF-S01"",""src/modules/orders/core/domain/repositories/order-repository.ts"",""src/modules/orders/primary-adapters/dto/list-orders-query.dto.ts""]"
p4,depcruise,"[""FF-S01"",""src/modules/products/core/domain/repositories/product-repository.ts"",""src/modules/products/primary-adapters/dto/create-product.dto.ts""]"
p4,depcruise,"[""FF-S01"",""src/modules/products/core/domain/repositories/product-repository.ts"",""src/modules/products/primary-adapters/dto/update-product.dto.ts""]"
p4,depcruise,"[""FF-S04"",""src/modules/carts/core/domain/repositories/cart.repository.ts"",""src/modules/carts/primary-adapters/dto/create-cart.dto.ts""]"
p4,depcruise,"[""FF-S04"",""src/modules/inventory/core/domain/repositories/inventory.repository.ts"",""src/modules/inventory/primary-adapters/dto/low-stock-query.dto.ts""]"
p4,depcruise,"[""FF-S04"",""src/modules/inventory/core/domain/repositories/reservation.repository.ts"",""src/modules/inventory/primary-adapters/dto/reserve-stock.dto.ts""]"
p4,depcruise,"[""FF-S04"",""src/modules/orders/core/domain/factories/order.factory.ts"",""src/modules/orders/primary-adapters/dto/create-order-item.dto.ts""]"
p4,depcruise,"[""FF-S04"",""src/modules/orders/core/domain/factories/order.factory.ts"",""src/modules/orders/primary-adapters/dto/create-order.dto.ts""]"
p4,depcruise,"[""FF-S04"",""src/modules/orders/core/domain/factories/order.factory.ts"",""src/modules/orders/primary-adapters/dto/update-order.dto.ts""]"
p4,depcruise,"[""FF-S04"",""src/modules/orders/core/domain/repositories/order-repository.ts"",""src/modules/orders/primary-adapters/dto/create-order-item.dto.ts""]"
p4,depcruise,"[""FF-S04"",""src/modules/orders/core/domain/repositories/order-repository.ts"",""src/modules/orders/primary-adapters/dto/list-orders-query.dto.ts""]"
p4,depcruise,"[""FF-S04"",""src/modules/products/core/domain/repositories/product-repository.ts"",""src/modules/products/primary-adapters/dto/create-product.dto.ts""]"
p4,depcruise,"[""FF-S04"",""src/modules/products/core/domain/repositories/product-repository.ts"",""src/modules/products/primary-adapters/dto/update-product.dto.ts""]"
