run_id,da_wall_ms,da_duration_ms,depcruise_wall_ms
real-pairs-000-p1-before_raouf-b-dev__ecommerce-store-api_987bad7a6f3d,4068,351,911
real-pairs-001-p1-after_raouf-b-dev__ecommerce-store-api_acda9e0a91ff,2859,337,1001
real-pairs-002-p2-before_raouf-b-dev__ecommerce-store-api_1e44098104c4,3316,513,911
real-pairs-003-p2-after_raouf-b-dev__ecommerce-store-api_9c2429c5954f,3287,548,983
real-pairs-004-p3-before_raouf-b-dev__ecommerce-store-api_0496d2401f63,3251,374,930
real-pairs-005-p3-after_raouf-b-dev__ecommerce-store-api_f3333d1ca411,3120,336,918
real-pairs-006-p4-before_raouf-b-dev__ecommerce-store-api_f0e4db91b4b6,3923,734,992
real-pairs-007-p4-after_raouf-b-dev__ecommerce-store-api_bb0e295add00,3833,640,958
real-pairs-008-p5-before_zhuravlevma__typescript-ddd-architecture_39b5a39f469e,1656,11,665
real-pairs-009-p5-after_zhuravlevma__typescript-ddd-architecture_100deb60d81f,1212,10,665
