project_id,rule,active,da,depcruise,overlap,da_only,depcruise_only
realworld-test,FF-C04,true,0,0,0,0,0
realworld-test,FF-P01,true,5,5,5,0,0
realworld-test,FF-S01,true,0,0,0,0,0
realworld-test,FF-S02,true,2,2,2,0,0
realworld-test,FF-S03,false,0,0,0,0,0
realworld-test,FF-S04,true,0,0,0,0,0
ghostfolio-test,FF-C04,true,1,4,1,0,3
ghostfolio-test,FF-P01,true,1,1,1,0,0
ghostfolio-test,FF-S01,true,44,0,0,44,0
ghostfolio-test,FF-S02,true,0,33,0,0,33
ghostfolio-test,FF-S03,false,0,0,0,0,0
ghostfolio-test,FF-S04,true,33,0,0,33,0
truthy-demo,FF-C04,true,2,1,1,1,0
truthy-demo,FF-P01,true,6,6,6,0,0
truthy-demo,FF-S01,true,4,4,4,0,0
truthy-demo,FF-S02,true,4,4,4,0,0
truthy-demo,FF-S03,false,0,0,0,0,0
truthy-demo,FF-S04,true,0,0,0,0,0
dry-run-test,FF-C04,true,1,0,0,1,0
dry-run-test,FF-P01,true,5,5,5,0,0
dry-run-test,FF-S01,true,3,3,3,0,0
dry-run-test,FF-S02,true,0,0,0,0,0
dry-run-test,FF-S03,false,0,0,0,0,0
dry-run-test,FF-S04,true,0,0,0,0,0
zhuravlevma__nestjs-active-record,FF-C04,true,0,0,0,0,0
zhuravlevma__nestjs-active-record,FF-P01,true,2,2,2,0,0
zhuravlevma__nestjs-active-record,FF-S01,true,0,0,0,0,0
zhuravlevma__nestjs-active-record,FF-S02,true,1,1,1,0,0
zhuravlevma__nestjs-active-record,FF-S03,false,0,0,0,0,0
zhuravlevma__nestjs-active-record,FF-S04,true,0,0,0,0,0
nestjslatam__ddd,FF-C04,true,1,1,1,0,0
nestjslatam__ddd,FF-P01,true,1,0,0,1,0
nestjslatam__ddd,FF-S01,true,16,16,16,0,0
nestjslatam__ddd,FF-S02,true,17,35,1,16,34
nestjslatam__ddd,FF-S03,false,0,0,0,0,0
nestjslatam__ddd,FF-S04,true,0,0,0,0,0
v-aguiar__valex,FF-C04,true,1,1,1,0,0
v-aguiar__valex,FF-P01,true,0,0,0,0,0
v-aguiar__valex,FF-S01,true,2,2,2,0,0
v-aguiar__valex,FF-S02,true,3,3,3,0,0
v-aguiar__valex,FF-S03,true,3,3,3,0,0
v-aguiar__valex,FF-S04,false,0,0,0,0,0
ALL,FF-C04,,6,7,4,2,3
ALL,FF-P01,,20,19,19,1,0
ALL,FF-S01,,69,25,25,44,0
ALL,FF-S02,,27,78,11,16,67
ALL,FF-S03,,3,3,3,0,0
ALL,FF-S04,,33,0,0,33,0
