project_id,only,key
ghostfolio-test,da,"[""FF-S01"",""src/app/account-balance/account-balance.service.ts"",""src/interceptors/performance-logging/performance-logging.interceptor.ts""]"
ghostfolio-test,da,"[""FF-S01"",""src/app/activities/activities.service.ts"",""src/interceptors/performance-logging/performance-logging.interceptor.ts""]"
ghostfolio-test,da,"[""FF-S01"",""src/app/portfolio/current-rate.service.ts"",""src/interceptors/performance-logging/performance-logging.interceptor.ts""]"
ghostfolio-test,da,"[""FF-S01"",""src/models/rule.ts"",""src/services/exchange-rate-data/exchange-rate-data.service.ts""]"
ghostfolio-test,da,"[""FF-S01"",""src/models/rules/account-cluster-risk/current-investment.ts"",""src/services/exchange-rate-data/exchange-rate-data.service.ts""]"
ghostfolio-test,da,"[""FF-S01"",""src/models/rules/account-cluster-risk/current-investment.ts"",""src/services/i18n/i18n.service.ts""]"
ghostfolio-test,da,"[""FF-S01"",""src/models/rules/account-cluster-risk/single-account.ts"",""src/services/exchange-rate-data/exchange-rate-data.service.ts""]"
ghostfolio-test,da,"[""FF-S01"",""src/models/rules/account-cluster-risk/single-account.ts"",""src/services/i18n/i18n.service.ts""]"
ghostfolio-test,da,"[""FF-S01"",""src/models/rules/asset-class-cluster-risk/equity.ts"",""src/services/exchange-rate-data/exchange-rate-data.service.ts""]"
ghostfolio-test,da,"[""FF-S01"",""src/models/rules/asset-class-cluster-risk/equity.ts"",""src/services/i18n/i18n.service.ts""]"
ghostfolio-test,da,"[""FF-S01"",""src/models/rules/asset-class-cluster-risk/fixed-income.ts"",""src/services/exchange-rate-data/exchange-rate-data.service.ts""]"
ghostfolio-test,da,"[""FF-S01"",""src/models/rules/asset-class-cluster-risk/fixed-income.ts"",""src/services/i18n/i18n.service.ts""]"
ghostfolio-test,da,"[""FF-S01"",""src/models/rules/currency-cluster-risk/base-currency-current-investment.ts"",""src/services/exchange-rate-data/exchange-rate-data.service.ts""]"
ghostfolio-test,da,"[""FF-S01"",""src/models/rules/currency-cluster-risk/base-currency-current-investment.ts"",""src/services/i18n/i18n.service.ts""]"
ghostfolio-test,da,"[""FF-S01"",""src/models/rules/currency-cluster-risk/current-investment.ts"",""src/services/exchange-rate-data/exchange-rate-data.service.ts""]"
ghostfolio-test,da,"[""FF-S01"",""src/models/rules/currency-cluster-risk/current-investment.ts"",""src/services/i18n/i18n.service.ts""]"
ghostfolio-test,da,"[""FF-S01"",""src/models/rules/economic-market-cluster-risk/developed-markets.ts"",""src/services/exchange-rate-data/exchange-rate-data.service.ts""]"
ghostfolio-test,da,"[""FF-S01"",""src/models/rules/economic-market-cluster-risk/developed-markets.ts"",""src/services/i18n/i18n.service.ts""]"
ghostfolio-test,da,"[""FF-S01"",""src/models/rules/economic-market-cluster-risk/emerging-markets.ts"",""src/services/exchange-rate-data/exchange-rate-data.service.ts""]"
ghostfolio-test,da,"[""FF-S01"",""src/models/rules/economic-market-cluster-risk/emerging-markets.ts"",""src/services/i18n/i18n.service.ts""]"
ghostfolio-test,da,"[""FF-S01"",""src/models/rules/emergency-fund/emergency-fund-setup.ts"",""src/services/exchange-rate-data/exchange-rate-data.service.ts""]"
ghostfolio-test,da,"[""FF-S01"",""src/models/rules/emergency-fund/emergency-fund-setup.ts"",""src/services/i18n/i18n.service.ts""]"
ghostfolio-test,da,"[""FF-S01"",""src/models/rules/fees/fee-ratio-total-investment-volume.ts"",""src/services/exchange-rate-data/exchange-rate-data.service.ts""]"
ghostfolio-test,da,"[""FF-S01"",""src/models/rules/fees/fee-ratio-total-investment-volume.ts"",""src/services/i18n/i18n.service.ts""]"
ghostfolio-test,da,"[""FF-S01"",""src/models/rules/liquidity/buying-power.ts"",""src/services/exchange-rate-data/exchange-rate-data.service.ts""]"
ghostfolio-test,da,"[""FF-S01"",""src/models/rules/liquidity/buying-power.ts"",""src/services/i18n/i18n.service.ts""]"
ghostfolio-test,da,"[""FF-S01"",""src/models/rules/regional-market-cluster-risk/asia-pacific.ts"",""src/services/exchange-rate-data/exchange-rate-data.service.ts""]"
ghostfolio-test,da,"[""FF-S01"",""src/models/rules/regional-market-cluster-risk/asia-pacific.ts"",""src/services/i18n/i18n.service.ts""]"
ghostfolio-test,da,"[""FF-S01"",""src/models/rules/regional-market-cluster-risk/emerging-markets.ts"",""src/services/exchange-rate-data/exchange-rate-data.service.ts""]"
ghostfolio-test,da,"[""FF-S01"",""src/models/rules/regional-market-cluster-risk/emerging-markets.ts"",""src/services/i18n/i18n.service.ts""]"
ghostfolio-test,da,"[""FF-S01"",""src/models/rules/regional-market-cluster-risk/europe.ts"",""src/services/exchange-rate-data/exchange-rate-data.service.ts""]"
ghostfolio-test,da,"[""FF-S01"",""src/models/rules/regional-market-cluster-risk/europe.ts"",""src/services/i18n/i18n.service.ts""]"
ghostfolio-test,da,"[""FF-S01"",""src/models/rules/regional-market-cluster-risk/japan.ts"",""src/services/exchange-rate-data/exchange-rate-data.service.ts""]"
ghostfolio-test,da,"[""FF-S01"",""src/models/rules/regional-market-cluster-risk/japan.ts"",""src/services/i18n/i18n.service.ts""]"
ghostfolio-test,da,"[""FF-S01"",""src/models/rules/regional-market-cluster-risk/north-america.ts"",""src/services/exchange-rate-data/exchange-rate-data.service.ts""]"
ghostfolio-test,da,"[""FF-S01"",""src/models/rules/regional-market-cluster-risk/north-america.ts"",""src/services/i18n/i18n.service.ts""]"
ghostfolio-test,da,"[""FF-S01"",""src/services/benchmark/benchmark.module.ts"",""src/app/redis-cache/redis-cache.module.ts""]"
ghostfolio-test,da,"[""FF-S01"",""src/services/cron/cron.module.ts"",""src/app/user/user.module.ts""]"
ghostfolio-test,da,"[""FF-S01"",""src/services/data-provider/data-provider.module.ts"",""src/app/redis-cache/redis-cache.module.ts""]"
ghostfolio-test,da,"[""FF-S01"",""src/services/exchange-rate-data/exchange-rate-data.service.ts"",""src/interceptors/performance-logging/performance-logging.interceptor.ts""]"
ghostfolio-test,da,"[""FF-S01"",""src/services/queues/portfolio-snapshot/portfolio-snapshot.module.ts"",""src/app/account-balance/account-balance.module.ts""]"
ghostfolio-test,da,"[""FF-S01"",""src/services/queues/portfolio-snapshot/portfolio-snapshot.module.ts"",""src/app/activities/activities.module.ts""]"
ghostfolio-test,da,"[""FF-S01"",""src/services/queues/portfolio-snapshot/portfolio-snapshot.module.ts"",""src/app/redis-cache/redis-cache.module.ts""]"
ghostfolio-test,da,"[""FF-S01"",""src/services/twitter-bot/twitter-bot.module.ts"",""src/app/symbol/symbol.module.ts""]"
ghostfolio-test,da,"[""FF-S04"",""src/models/rule.ts"",""src/services/exchange-rate-data/exchange-rate-data.service.ts""]"
ghostfolio-test,da,"[""FF-S04"",""src/models/rules/account-cluster-risk/current-investment.ts"",""src/services/exchange-rate-data/exchange-rate-data.service.ts""]"
ghostfolio-test,da,"[""FF-S04"",""src/models/rules/account-cluster-risk/current-investment.ts"",""src/services/i18n/i18n.service.ts""]"
ghostfolio-test,da,"[""FF-S04"",""src/models/rules/account-cluster-risk/single-account.ts"",""src/services/exchange-rate-data/exchange-rate-data.service.ts""]"
ghostfolio-test,da,"[""FF-S04"",""src/models/rules/account-cluster-risk/single-account.ts"",""src/services/i18n/i18n.service.ts""]"
ghostfolio-test,da,"[""FF-S04"",""src/models/rules/asset-class-cluster-risk/equity.ts"",""src/services/exchange-rate-data/exchange-rate-data.service.ts""]"
ghostfolio-test,da,"[""FF-S04"",""src/models/rules/asset-class-cluster-risk/equity.ts"",""src/services/i18n/i18n.service.ts""]"
ghostfolio-test,da,"[""FF-S04"",""src/models/rules/asset-class-cluster-risk/fixed-income.ts"",""src/services/exchange-rate-data/exchange-rate-data.service.ts""]"
ghostfolio-test,da,"[""FF-S04"",""src/models/rules/asset-class-cluster-risk/fixed-income.ts"",""src/services/i18n/i18n.service.ts""]"
ghostfolio-test,da,"[""FF-S04"",""src/models/rules/currency-cluster-risk/base-currency-current-investment.ts"",""src/services/exchange-rate-data/exchange-rate-data.service.ts""]"
ghostfolio-test,da,"[""FF-S04"",""src/models/rules/currency-cluster-risk/base-currency-current-investment.ts"",""src/services/i18n/i18n.service.ts""]"
ghostfolio-test,da,"[""FF-S04"",""src/models/rules/currency-cluster-risk/current-investment.ts"",""src/services/exchange-rate-data/exchange-rate-data.service.ts""]"
ghostfolio-test,da,"[""FF-S04"",""src/models/rules/currency-cluster-risk/current-investment.ts"",""src/services/i18n/i18n.service.ts""]"
ghostfolio-test,da,"[""FF-S04"",""src/models/rules/economic-market-cluster-risk/developed-markets.ts"",""src/services/exchange-rate-data/exchange-rate-data.service.ts""]"
ghostfolio-test,da,"[""FF-S04"",""src/models/rules/economic-market-cluster-risk/developed-markets.ts"",""src/services/i18n/i18n.service.ts""]"
ghostfolio-test,da,"[""FF-S04"",""src/models/rules/economic-market-cluster-risk/emerging-markets.ts"",""src/services/exchange-rate-data/exchange-rate-data.service.ts""]"
ghostfolio-test,da,"[""FF-S04"",""src/models/rules/economic-market-cluster-risk/emerging-markets.ts"",""src/services/i18n/i18n.service.ts""]"
ghostfolio-test,da,"[""FF-S04"",""src/models/rules/emergency-fund/emergency-fund-setup.ts"",""src/services/exchange-rate-data/exchange-rate-data.service.ts""]"
ghostfolio-test,da,"[""FF-S04"",""src/models/rules/emergency-fund/emergency-fund-setup.ts"",""src/services/i18n/i18n.service.ts""]"
ghostfolio-test,da,"[""FF-S04"",""src/models/rules/fees/fee-ratio-total-investment-volume.ts"",""src/services/exchange-rate-data/exchange-rate-data.service.ts""]"
ghostfolio-test,da,"[""FF-S04"",""src/models/rules/fees/fee-ratio-total-investment-volume.ts"",""src/services/i18n/i18n.service.ts""]"
ghostfolio-test,da,"[""FF-S04"",""src/models/rules/liquidity/buying-power.ts"",""src/services/exchange-rate-data/exchange-rate-data.service.ts""]"
ghostfolio-test,da,"[""FF-S04"",""src/models/rules/liquidity/buying-power.ts"",""src/services/i18n/i18n.service.ts""]"
ghostfolio-test,da,"[""FF-S04"",""src/models/rules/regional-market-cluster-risk/asia-pacific.ts"",""src/services/exchange-rate-data/exchange-rate-data.service.ts""]"
ghostfolio-test,da,"[""FF-S04"",""src/models/rules/regional-market-cluster-risk/asia-pacific.ts"",""src/services/i18n/i18n.service.ts""]"
ghostfolio-test,da,"[""FF-S04"",""src/models/rules/regional-market-cluster-risk/emerging-markets.ts"",""src/services/exchange-rate-data/exchange-rate-data.service.ts""]"
ghostfolio-test,da,"[""FF-S04"",""src/models/rules/regional-market-cluster-risk/emerging-markets.ts"",""src/services/i18n/i18n.service.ts""]"
ghostfolio-test,da,"[""FF-S04"",""src/models/rules/regional-market-cluster-risk/europe.ts"",""src/services/exchange-rate-data/exchange-rate-data.service.ts""]"
ghostfolio-test,da,"[""FF-S04"",""src/models/rules/regional-market-cluster-risk/europe.ts"",""src/services/i18n/i18n.service.ts""]"
ghostfolio-test,da,"[""FF-S04"",""src/models/rules/regional-market-cluster-risk/japan.ts"",""src/services/exchange-rate-data/exchange-rate-data.service.ts""]"
ghostfolio-test,da,"[""FF-S04"",""src/models/rules/regional-market-cluster-risk/japan.ts"",""src/services/i18n/i18n.service.ts""]"
ghostfolio-test,da,"[""FF-S04"",""src/models/rules/regional-market-cluster-risk/north-america.ts"",""src/services/exchange-rate-data/exchange-rate-data.service.ts""]"
ghostfolio-test,da,"[""FF-S04"",""src/models/rules/regional-market-cluster-risk/north-america.ts"",""src/services/i18n/i18n.service.ts""]"
ghostfolio-test,depcruise,"[""FF-C04"",""src/interceptors/redact-values-in-response/redact-values-in-response.module.ts"",""""]"
ghostfolio-test,depcruise,"[""FF-C04"",""src/services/data-provider/errors/asset-profile-delisted.error.ts"",""""]"
ghostfolio-test,depcruise,"[""FF-C04"",""src/services/interfaces/environment.interface.ts"",""""]"
ghostfolio-test,depcruise,"[""FF-S02"",""../../libs/common/src/lib/dtos/index.ts > ../../libs/common/src/lib/dtos/update-bulk-market-data.dto.ts""]"
ghostfolio-test,depcruise,"[""FF-S02"",""../../libs/common/src/lib/interfaces/access.interface.ts > ../../libs/common/src/lib/types/index.ts > ../../libs/common/src/lib/types/user-with-settings.type.ts > ../../libs/common/src/lib/interfaces/index.ts""]"
ghostfolio-test,depcruise,"[""FF-S02"",""../../libs/common/src/lib/interfaces/activities.interface.ts > ../../libs/common/src/lib/interfaces/index.ts""]"
ghostfolio-test,depcruise,"[""FF-S02"",""../../libs/common/src/lib/interfaces/benchmark.interface.ts > ../../libs/common/src/lib/types/index.ts > ../../libs/common/src/lib/types/user-with-settings.type.ts > ../../libs/common/src/lib/interfaces/index.ts""]"
ghostfolio-test,depcruise,"[""FF-S02"",""../../libs/common/src/lib/interfaces/index.ts > ../../libs/common/src/lib/interfaces/portfolio-details.interface.ts""]"
ghostfolio-test,depcruise,"[""FF-S02"",""../../libs/common/src/lib/interfaces/index.ts > ../../libs/common/src/lib/interfaces/portfolio-position.interface.ts > ../../libs/common/src/lib/types/index.ts > ../../libs/common/src/lib/types/user-with-settings.type.ts""]"
ghostfolio-test,depcruise,"[""FF-S02"",""../../libs/common/src/lib/interfaces/index.ts > ../../libs/common/src/lib/interfaces/responses/account-response.interface.ts > ../../libs/common/src/lib/types/index.ts > ../../libs/common/src/lib/types/user-with-settings.type.ts""]"
ghostfolio-test,depcruise,"[""FF-S02"",""../../libs/common/src/lib/interfaces/index.ts > ../../libs/common/src/lib/interfaces/responses/accounts-response.interface.ts > ../../libs/common/src/lib/types/index.ts > ../../libs/common/src/lib/types/user-with-settings.type.ts""]"
ghostfolio-test,depcruise,"[""FF-S02"",""../../libs/common/src/lib/interfaces/index.ts > ../../libs/common/src/lib/interfaces/responses/activities-response.interface.ts""]"
ghostfolio-test,depcruise,"[""FF-S02"",""../../libs/common/src/lib/interfaces/index.ts > ../../libs/common/src/lib/interfaces/responses/activity-response.interface.ts""]"
ghostfolio-test,depcruise,"[""FF-S02"",""../../libs/common/src/lib/interfaces/index.ts > ../../libs/common/src/lib/interfaces/responses/benchmark-market-data-details-response.interface.ts""]"
ghostfolio-test,depcruise,"[""FF-S02"",""../../libs/common/src/lib/interfaces/index.ts > ../../libs/common/src/lib/interfaces/responses/benchmark-response.interface.ts""]"
ghostfolio-test,depcruise,"[""FF-S02"",""../../libs/common/src/lib/interfaces/index.ts > ../../libs/common/src/lib/interfaces/responses/data-provider-ghostfolio-status-response.interface.ts > ../../libs/common/src/lib/types/index.ts > ../../libs/common/src/lib/types/user-with-settings.type.ts""]"
ghostfolio-test,depcruise,"[""FF-S02"",""../../libs/common/src/lib/interfaces/index.ts > ../../libs/common/src/lib/interfaces/responses/data-provider-response.interface.ts""]"
ghostfolio-test,depcruise,"[""FF-S02"",""../../libs/common/src/lib/interfaces/index.ts > ../../libs/common/src/lib/interfaces/responses/dividends-response.interface.ts""]"
ghostfolio-test,depcruise,"[""FF-S02"",""../../libs/common/src/lib/interfaces/index.ts > ../../libs/common/src/lib/interfaces/responses/errors.interface.ts""]"
ghostfolio-test,depcruise,"[""FF-S02"",""../../libs/common/src/lib/interfaces/index.ts > ../../libs/common/src/lib/interfaces/responses/export-response.interface.ts > ../../libs/common/src/lib/interfaces/user-settings.interface.ts > ../../libs/common/src/lib/types/index.ts > ../../libs/common/src/lib/types/user-with-settings.type.ts""]"
ghostfolio-test,depcruise,"[""FF-S02"",""../../libs/common/src/lib/interfaces/index.ts > ../../libs/common/src/lib/interfaces/responses/historical-response.interface.ts""]"
ghostfolio-test,depcruise,"[""FF-S02"",""../../libs/common/src/lib/interfaces/index.ts > ../../libs/common/src/lib/interfaces/responses/import-response.interface.ts""]"
ghostfolio-test,depcruise,"[""FF-S02"",""../../libs/common/src/lib/interfaces/index.ts > ../../libs/common/src/lib/interfaces/responses/info-response.interface.ts""]"
ghostfolio-test,depcruise,"[""FF-S02"",""../../libs/common/src/lib/interfaces/index.ts > ../../libs/common/src/lib/interfaces/responses/market-data-of-markets-response.interface.ts""]"
ghostfolio-test,depcruise,"[""FF-S02"",""../../libs/common/src/lib/interfaces/index.ts > ../../libs/common/src/lib/interfaces/responses/portfolio-holding-response.interface.ts""]"
ghostfolio-test,depcruise,"[""FF-S02"",""../../libs/common/src/lib/interfaces/index.ts > ../../libs/common/src/lib/interfaces/responses/portfolio-holdings-response.interface.ts""]"
ghostfolio-test,depcruise,"[""FF-S02"",""../../libs/common/src/lib/interfaces/index.ts > ../../libs/common/src/lib/interfaces/responses/portfolio-performance-response.interface.ts > ../../libs/common/src/lib/interfaces/responses/errors.interface.ts""]"
ghostfolio-test,depcruise,"[""FF-S02"",""../../libs/common/src/lib/interfaces/index.ts > ../../libs/common/src/lib/interfaces/responses/public-portfolio-response.interface.ts""]"
ghostfolio-test,depcruise,"[""FF-S02"",""../../libs/common/src/lib/interfaces/index.ts > ../../libs/common/src/lib/interfaces/responses/quotes-response.interface.ts""]"
ghostfolio-test,depcruise,"[""FF-S02"",""../../libs/common/src/lib/interfaces/index.ts > ../../libs/common/src/lib/interfaces/responses/watchlist-response.interface.ts""]"
ghostfolio-test,depcruise,"[""FF-S02"",""../../libs/common/src/lib/interfaces/index.ts > ../../libs/common/src/lib/interfaces/symbol-item.interface.ts""]"
ghostfolio-test,depcruise,"[""FF-S02"",""../../libs/common/src/lib/interfaces/index.ts > ../../libs/common/src/lib/interfaces/symbol-metrics.interface.ts > ../../libs/common/src/lib/types/index.ts > ../../libs/common/src/lib/types/user-with-settings.type.ts""]"
ghostfolio-test,depcruise,"[""FF-S02"",""../../libs/common/src/lib/interfaces/index.ts > ../../libs/common/src/lib/interfaces/user-settings.interface.ts > ../../libs/common/src/lib/types/index.ts > ../../libs/common/src/lib/types/user-with-settings.type.ts""]"
ghostfolio-test,depcruise,"[""FF-S02"",""../../libs/common/src/lib/interfaces/index.ts > ../../libs/common/src/lib/interfaces/user.interface.ts > ../../libs/common/src/lib/interfaces/user-settings.interface.ts > ../../libs/common/src/lib/types/index.ts > ../../libs/common/src/lib/types/user-with-settings.type.ts""]"
ghostfolio-test,depcruise,"[""FF-S02"",""../../libs/common/src/lib/models/index.ts > ../../libs/common/src/lib/models/portfolio-snapshot.ts""]"
ghostfolio-test,depcruise,"[""FF-S02"",""../../libs/common/src/lib/types/index.ts > ../../libs/common/src/lib/types/request-with-user.type.ts""]"
truthy-demo,da,"[""FF-C04"",""src/common/middleware/logger.middleware.ts"",""""]"
dry-run-test,da,"[""FF-C04"",""src/users/dto/user.dto.ts"",""""]"
nestjslatam__ddd,da,"[""FF-P01"",""src/orders/domain/order-aggregate/order.ts"",""@nestjs/common""]"
nestjslatam__ddd,da,"[""FF-S02"",""src/orders/domain/entities/order-item.entity.ts > src/orders/domain/validators/order-item-price.validator.ts""]"
nestjslatam__ddd,da,"[""FF-S02"",""src/orders/domain/entities/order-item.entity.ts > src/orders/domain/validators/order-item-product.validator.ts""]"
nestjslatam__ddd,da,"[""FF-S02"",""src/orders/domain/entities/order-item.entity.ts > src/orders/domain/validators/order-item-quantity.validator.ts""]"
nestjslatam__ddd,da,"[""FF-S02"",""src/orders/domain/order-aggregate/order.ts > src/orders/domain/validators/order-amount.validator.ts""]"
nestjslatam__ddd,da,"[""FF-S02"",""src/orders/domain/order-aggregate/order.ts > src/orders/domain/validators/order-customer.validator.ts""]"
nestjslatam__ddd,da,"[""FF-S02"",""src/orders/domain/order-aggregate/order.ts > src/orders/domain/validators/order-items.validator.ts""]"
nestjslatam__ddd,da,"[""FF-S02"",""src/orders/domain/order-aggregate/order.ts > src/orders/domain/validators/order-shipping.validator.ts""]"
nestjslatam__ddd,da,"[""FF-S02"",""src/orders/domain/order-aggregate/order.ts > src/orders/domain/validators/order-status.validator.ts""]"
nestjslatam__ddd,da,"[""FF-S02"",""src/products/domain/product-aggregate/product.ts > src/products/domain/product-aggregate/validators/product-business-rules.validator.ts""]"
nestjslatam__ddd,da,"[""FF-S02"",""src/products/domain/product-aggregate/product.ts > src/products/domain/product-aggregate/validators/product-description.validator.ts""]"
nestjslatam__ddd,da,"[""FF-S02"",""src/products/domain/product-aggregate/product.ts > src/products/domain/product-aggregate/validators/product-name.validator.ts""]"
nestjslatam__ddd,da,"[""FF-S02"",""src/products/domain/product-aggregate/product.ts > src/products/domain/product-aggregate/validators/product-price.validator.ts""]"
nestjslatam__ddd,da,"[""FF-S02"",""src/products/domain/product-aggregate/product.ts > src/products/domain/product-aggregate/validators/product-status.validator.ts""]"
nestjslatam__ddd,da,"[""FF-S02"",""src/shared/valueobjects/Name.ts > src/shared/valueobjects/validators/name-length.validator.ts""]"
nestjslatam__ddd,da,"[""FF-S02"",""src/shared/valueobjects/description.ts > src/shared/valueobjects/validators/description-length.validator.ts""]"
nestjslatam__ddd,da,"[""FF-S02"",""src/shared/valueobjects/price.ts > src/shared/valueobjects/validators/price-range.validator.ts""]"
nestjslatam__ddd,depcruise,"[""FF-S02"",""libs/ddd/src/aggregate-root.ts > libs/ddd/src/core/validator-rules/index.ts > libs/ddd/src/core/validator-rules/impl/index.ts > libs/ddd/src/core/validator-rules/impl/entity-validator.ts""]"
nestjslatam__ddd,depcruise,"[""FF-S02"",""libs/ddd/src/aggregate-root.ts > libs/ddd/src/validator-rule.manager.ts > libs/ddd/src/core/validator-rules/index.ts > libs/ddd/src/core/validator-rules/impl/index.ts > libs/ddd/src/core/validator-rules/impl/entity-validator.ts""]"
nestjslatam__ddd,depcruise,"[""FF-S02"",""libs/ddd/src/aggregate-root.ts > libs/ddd/src/valueobjects/index.ts > libs/ddd/src/valueobjects/id.valueobject.ts > libs/ddd/src/valueobject.ts > libs/ddd/src/core/validator-rules/index.ts > libs/ddd/src/core/validator-rules/impl/index.ts > libs/ddd/src/core/validator-rules/impl/entity-validator.ts""]"
nestjslatam__ddd,depcruise,"[""FF-S02"",""libs/ddd/src/aggregate-root.ts > libs/ddd/src/valueobjects/index.ts > libs/ddd/src/valueobjects/id.valueobject.ts > libs/ddd/src/valueobject.ts > libs/ddd/src/validator-rule.manager.ts > libs/ddd/src/core/validator-rules/index.ts > libs/ddd/src/core/validator-rules/impl/index.ts > libs/ddd/src/core/validator-rules/impl/entity-validator.ts""]"
nestjslatam__ddd,depcruise,"[""FF-S02"",""libs/ddd/src/aggregate-root.ts > libs/ddd/src/valueobjects/index.ts > libs/ddd/src/valueobjects/number-notnull.validator.ts > libs/ddd/src/valueobject.ts > libs/ddd/src/core/validator-rules/index.ts > libs/ddd/src/core/validator-rules/impl/index.ts > libs/ddd/src/core/validator-rules/impl/entity-validator.ts""]"
nestjslatam__ddd,depcruise,"[""FF-S02"",""libs/ddd/src/aggregate-root.ts > libs/ddd/src/valueobjects/index.ts > libs/ddd/src/valueobjects/number-positive.validator.ts > libs/ddd/src/valueobject.ts > libs/ddd/src/core/validator-rules/index.ts > libs/ddd/src/core/validator-rules/impl/index.ts > libs/ddd/src/core/validator-rules/impl/entity-validator.ts""]"
nestjslatam__ddd,depcruise,"[""FF-S02"",""libs/ddd/src/aggregate-root.ts > libs/ddd/src/valueobjects/index.ts > libs/ddd/src/valueobjects/number.valueobject.ts > libs/ddd/src/valueobject.ts > libs/ddd/src/core/validator-rules/index.ts > libs/ddd/src/core/validator-rules/impl/index.ts > libs/ddd/src/core/validator-rules/impl/entity-validator.ts""]"
nestjslatam__ddd,depcruise,"[""FF-S02"",""libs/ddd/src/aggregate-root.ts > libs/ddd/src/valueobjects/index.ts > libs/ddd/src/valueobjects/number.valueobject.ts > libs/ddd/src/valueobjects/number-notnull.validator.ts > libs/ddd/src/valueobject.ts > libs/ddd/src/core/validator-rules/index.ts > libs/ddd/src/core/validator-rules/impl/index.ts > libs/ddd/src/core/validator-rules/impl/entity-validator.ts""]"
nestjslatam__ddd,depcruise,"[""FF-S02"",""libs/ddd/src/aggregate-root.ts > libs/ddd/src/valueobjects/index.ts > libs/ddd/src/valueobjects/number.valueobject.ts > libs/ddd/src/valueobjects/number-positive.validator.ts > libs/ddd/src/valueobject.ts > libs/ddd/src/core/validator-rules/index.ts > libs/ddd/src/core/validator-rules/impl/index.ts > libs/ddd/src/core/validator-rules/impl/entity-validator.ts""]"
nestjslatam__ddd,depcruise,"[""FF-S02"",""libs/ddd/src/aggregate-root.ts > libs/ddd/src/valueobjects/index.ts > libs/ddd/src/valueobjects/string-notnullorempty.validator.ts > libs/ddd/src/valueobject.ts > libs/ddd/src/core/validator-rules/index.ts > libs/ddd/src/core/validator-rules/impl/index.ts > libs/ddd/src/core/validator-rules/impl/entity-validator.ts""]"
nestjslatam__ddd,depcruise,"[""FF-S02"",""libs/ddd/src/aggregate-root.ts > libs/ddd/src/valueobjects/index.ts > libs/ddd/src/valueobjects/string.valueobject.ts > libs/ddd/src/valueobject.ts > libs/ddd/src/core/validator-rules/index.ts > libs/ddd/src/core/validator-rules/impl/index.ts > libs/ddd/src/core/validator-rules/impl/entity-validator.ts""]"
nestjslatam__ddd,depcruise,"[""FF-S02"",""libs/ddd/src/aggregate-root.ts > libs/ddd/src/valueobjects/index.ts > libs/ddd/src/valueobjects/string.valueobject.ts > libs/ddd/src/valueobjects/string-notnullorempty.validator.ts > libs/ddd/src/valueobject.ts > libs/ddd/src/core/validator-rules/index.ts > libs/ddd/src/core/validator-rules/impl/index.ts > libs/ddd/src/core/validator-rules/impl/entity-validator.ts""]"
nestjslatam__ddd,depcruise,"[""FF-S02"",""libs/ddd/src/core/validator-rules/impl/index.ts > libs/ddd/src/core/validator-rules/impl/value-object-validator.ts > libs/ddd/src/valueobject.ts > libs/ddd/src/core/validator-rules/index.ts""]"
nestjslatam__ddd,depcruise,"[""FF-S02"",""src/orders/domain/entities/order-item.entity.ts > src/orders/domain/validators/index.ts > src/orders/domain/validators/order-amount.validator.ts > src/orders/domain/order-aggregate/order.ts""]"
nestjslatam__ddd,depcruise,"[""FF-S02"",""src/orders/domain/entities/order-item.entity.ts > src/orders/domain/validators/index.ts > src/orders/domain/validators/order-customer.validator.ts > src/orders/domain/order-aggregate/order.ts""]"
nestjslatam__ddd,depcruise,"[""FF-S02"",""src/orders/domain/entities/order-item.entity.ts > src/orders/domain/validators/index.ts > src/orders/domain/validators/order-item-price.validator.ts""]"
nestjslatam__ddd,depcruise,"[""FF-S02"",""src/orders/domain/entities/order-item.entity.ts > src/orders/domain/validators/index.ts > src/orders/domain/validators/order-item-product.validator.ts""]"
nestjslatam__ddd,depcruise,"[""FF-S02"",""src/orders/domain/entities/order-item.entity.ts > src/orders/domain/validators/index.ts > src/orders/domain/validators/order-item-quantity.validator.ts""]"
nestjslatam__ddd,depcruise,"[""FF-S02"",""src/orders/domain/entities/order-item.entity.ts > src/orders/domain/validators/index.ts > src/orders/domain/validators/order-items.validator.ts > src/orders/domain/order-aggregate/order.ts""]"
nestjslatam__ddd,depcruise,"[""FF-S02"",""src/orders/domain/entities/order-item.entity.ts > src/orders/domain/validators/index.ts > src/orders/domain/validators/order-shipping.validator.ts > src/orders/domain/order-aggregate/order.ts""]"
nestjslatam__ddd,depcruise,"[""FF-S02"",""src/orders/domain/entities/order-item.entity.ts > src/orders/domain/validators/index.ts > src/orders/domain/validators/order-status.validator.ts > src/orders/domain/order-aggregate/order.ts""]"
nestjslatam__ddd,depcruise,"[""FF-S02"",""src/orders/domain/order-aggregate/order.ts > src/orders/domain/validators/index.ts > src/orders/domain/validators/order-amount.validator.ts""]"
nestjslatam__ddd,depcruise,"[""FF-S02"",""src/orders/domain/order-aggregate/order.ts > src/orders/domain/validators/index.ts > src/orders/domain/validators/order-customer.validator.ts""]"
nestjslatam__ddd,depcruise,"[""FF-S02"",""src/orders/domain/order-aggregate/order.ts > src/orders/domain/validators/index.ts > src/orders/domain/validators/order-items.validator.ts""]"
nestjslatam__ddd,depcruise,"[""FF-S02"",""src/orders/domain/order-aggregate/order.ts > src/orders/domain/validators/index.ts > src/orders/domain/validators/order-shipping.validator.ts""]"
nestjslatam__ddd,depcruise,"[""FF-S02"",""src/orders/domain/order-aggregate/order.ts > src/orders/domain/validators/index.ts > src/orders/domain/validators/order-status.validator.ts""]"
nestjslatam__ddd,depcruise,"[""FF-S02"",""src/products/domain/product-aggregate/product.ts > src/products/domain/product-aggregate/validators/index.ts > src/products/domain/product-aggregate/validators/product-business-rules.validator.ts""]"
nestjslatam__ddd,depcruise,"[""FF-S02"",""src/products/domain/product-aggregate/product.ts > src/products/domain/product-aggregate/validators/index.ts > src/products/domain/product-aggregate/validators/product-description.validator.ts""]"
nestjslatam__ddd,depcruise,"[""FF-S02"",""src/products/domain/product-aggregate/product.ts > src/products/domain/product-aggregate/validators/index.ts > src/products/domain/product-aggregate/validators/product-name.validator.ts""]"
nestjslatam__ddd,depcruise,"[""FF-S02"",""src/products/domain/product-aggregate/product.ts > src/products/domain/product-aggregate/validators/index.ts > src/products/domain/product-aggregate/validators/product-price.validator.ts""]"
nestjslatam__ddd,depcruise,"[""FF-S02"",""src/products/domain/product-aggregate/product.ts > src/products/domain/product-aggregate/validators/index.ts > src/products/domain/product-aggregate/validators/product-status.validator.ts""]"
nestjslatam__ddd,depcruise,"[""FF-S02"",""src/shared/valueobjects/Name.ts > src/shared/valueobjects/validators/index.ts > src/shared/valueobjects/validators/name-length.validator.ts""]"
nestjslatam__ddd,depcruise,"[""FF-S02"",""src/shared/valueobjects/description.ts > src/shared/valueobjects/validators/index.ts > src/shared/valueobjects/validators/description-length.validator.ts""]"
nestjslatam__ddd,depcruise,"[""FF-S02"",""src/shared/valueobjects/price.ts > src/shared/valueobjects/validators/index.ts > src/shared/valueobjects/validators/price-range.validator.ts""]"
