group,rule,kind,n,da_hits,da_rate,da_ci95,depcruise_hits,depcruise_rate,depcruise_ci95,both,da_only,depcruise_only
MO-S01,FF-S01,seed,8,8,1,0.676-1,8,1,0.676-1,8,0,0
MO-S01n,FF-S01,twin,10,2,0.2,0.057-0.51,2,0.2,0.057-0.51,2,0,0
MO-X01,FF-S01,seed,6,0,0,0-0.39,6,1,0.61-1,0,0,6
MO-X01n,FF-S01,twin,8,0,0,0-0.324,0,0,0-0.324,0,0,0
MO-S03,FF-S03,seed,2,2,1,0.342-1,2,1,0.342-1,2,0,0
MO-S03n,FF-S03,twin,2,0,0,0-0.658,0,0,0-0.658,0,0,0
MO-P01,FF-P01,seed,13,13,1,0.772-1,4,0.308,0.127-0.576,4,9,0
MO-P01n,FF-P01,twin,10,0,0,0-0.278,0,0,0-0.278,0,0,0
MO-C04,FF-C04,seed,14,14,1,0.785-1,14,1,0.785-1,14,0,0
MO-C04n,FF-C04,twin,12,0,0,0-0.242,0,0,0-0.242,0,0,0
in-coverage seeds,all,seed,37,37,1,0.906-1,28,0.757,0.599-0.866,28,9,0
all seeds,all,seed,43,37,0.86,0.727-0.934,34,0.791,0.648-0.886,28,9,6
all twins,all,twin,42,2,0.048,0.013-0.158,2,0.048,0.013-0.158,2,0,0
