run_id,project_id,da_wall_ms,da_duration_ms,depcruise_wall_ms
tool-comparison-000-realworld-test,realworld-test,3542,54,705
tool-comparison-001-ghostfolio-test,ghostfolio-test,7938,1576,1398
tool-comparison-002-truthy-demo,truthy-demo,3558,146,829
tool-comparison-003-dry-run-test,dry-run-test,3532,100,781
tool-comparison-004-zhuravlevma__nestjs-active-record,zhuravlevma__nestjs-active-record,1982,9,634
tool-comparison-005-nestjslatam__ddd,nestjslatam__ddd,2942,168,690
tool-comparison-006-v-aguiar__valex,v-aguiar__valex,1660,35,492
tool-comparison-007-realworld-test_MO-P01_0,realworld-test:MO-P01:0,1776,13,629
tool-comparison-008-realworld-test_MO-P01_1,realworld-test:MO-P01:1,1550,10,639
tool-comparison-009-realworld-test_MO-C04_0,realworld-test:MO-C04:0,1506,10,625
tool-comparison-010-realworld-test_MO-C04_1,realworld-test:MO-C04:1,1643,10,617
tool-comparison-011-realworld-test_MO-C04n_0,realworld-test:MO-C04n:0,1670,11,617
tool-comparison-012-realworld-test_MO-C04n_1,realworld-test:MO-C04n:1,1564,12,626
tool-comparison-013-ghostfolio-test_MO-P01_0,ghostfolio-test:MO-P01:0,7703,1629,1198
tool-comparison-014-ghostfolio-test_MO-P01_1,ghostfolio-test:MO-P01:1,7657,1447,1351
tool-comparison-015-ghostfolio-test_MO-C04_0,ghostfolio-test:MO-C04:0,7618,1407,1177
tool-comparison-016-ghostfolio-test_MO-C04_1,ghostfolio-test:MO-C04:1,6850,1509,1206
tool-comparison-017-truthy-demo_MO-S01_0,truthy-demo:MO-S01:0,2874,95,789
tool-comparison-018-truthy-demo_MO-S01_1,truthy-demo:MO-S01:1,2576,92,847
tool-comparison-019-truthy-demo_MO-S01n_0,truthy-demo:MO-S01n:0,2731,94,762
tool-comparison-020-truthy-demo_MO-S01n_1,truthy-demo:MO-S01n:1,2634,92,765
tool-comparison-021-truthy-demo_MO-P01_0,truthy-demo:MO-P01:0,2831,108,772
tool-comparison-022-truthy-demo_MO-P01n_0,truthy-demo:MO-P01n:0,2614,91,771
tool-comparison-023-truthy-demo_MO-P01n_1,truthy-demo:MO-P01n:1,2739,97,755
tool-comparison-024-truthy-demo_MO-C04_0,truthy-demo:MO-C04:0,2670,94,760
tool-comparison-025-truthy-demo_MO-C04_1,truthy-demo:MO-C04:1,2569,88,893
tool-comparison-026-truthy-demo_MO-C04n_0,truthy-demo:MO-C04n:0,2649,91,852
tool-comparison-027-truthy-demo_MO-C04n_1,truthy-demo:MO-C04n:1,2622,87,866
tool-comparison-028-truthy-demo_MO-X01_0,truthy-demo:MO-X01:0,2614,87,754
tool-comparison-029-truthy-demo_MO-X01_1,truthy-demo:MO-X01:1,2579,93,737
tool-comparison-030-truthy-demo_MO-X01n_0,truthy-demo:MO-X01n:0,2924,192,741
tool-comparison-031-truthy-demo_MO-X01n_1,truthy-demo:MO-X01n:1,2651,91,754
tool-comparison-032-dry-run-test_MO-S01_0,dry-run-test:MO-S01:0,4206,145,769
tool-comparison-033-dry-run-test_MO-S01_1,dry-run-test:MO-S01:1,3820,224,770
tool-comparison-034-dry-run-test_MO-S01n_0,dry-run-test:MO-S01n:0,3443,113,878
tool-comparison-035-dry-run-test_MO-S01n_1,dry-run-test:MO-S01n:1,3392,95,868
tool-comparison-036-dry-run-test_MO-P01_0,dry-run-test:MO-P01:0,3677,133,753
tool-comparison-037-dry-run-test_MO-P01_1,dry-run-test:MO-P01:1,3328,92,1490
tool-comparison-038-dry-run-test_MO-P01n_0,dry-run-test:MO-P01n:0,3404,97,790
tool-comparison-039-dry-run-test_MO-P01n_1,dry-run-test:MO-P01n:1,3894,161,803
tool-comparison-040-dry-run-test_MO-C04_0,dry-run-test:MO-C04:0,4040,152,804
tool-comparison-041-dry-run-test_MO-C04_1,dry-run-test:MO-C04:1,3429,91,783
tool-comparison-042-dry-run-test_MO-C04n_0,dry-run-test:MO-C04n:0,3293,96,795
tool-comparison-043-dry-run-test_MO-C04n_1,dry-run-test:MO-C04n:1,3742,117,759
tool-comparison-044-dry-run-test_MO-X01n_0,dry-run-test:MO-X01n:0,3862,113,773
tool-comparison-045-dry-run-test_MO-X01n_1,dry-run-test:MO-X01n:1,3863,219,775
tool-comparison-046-zhuravlevma__nestjs-active-record_MO-S01_0,zhuravlevma__nestjs-active-record:MO-S01:0,2088,10,703
tool-comparison-047-zhuravlevma__nestjs-active-record_MO-S01_1,zhuravlevma__nestjs-active-record:MO-S01:1,2914,17,631
tool-comparison-048-zhuravlevma__nestjs-active-record_MO-S01n_0,zhuravlevma__nestjs-active-record:MO-S01n:0,2129,11,627
tool-comparison-049-zhuravlevma__nestjs-active-record_MO-S01n_1,zhuravlevma__nestjs-active-record:MO-S01n:1,3915,103,645
tool-comparison-050-zhuravlevma__nestjs-active-record_MO-P01_0,zhuravlevma__nestjs-active-record:MO-P01:0,2347,10,691
tool-comparison-051-zhuravlevma__nestjs-active-record_MO-P01_1,zhuravlevma__nestjs-active-record:MO-P01:1,1881,8,632
tool-comparison-052-zhuravlevma__nestjs-active-record_MO-P01n_0,zhuravlevma__nestjs-active-record:MO-P01n:0,2052,11,635
tool-comparison-053-zhuravlevma__nestjs-active-record_MO-P01n_1,zhuravlevma__nestjs-active-record:MO-P01n:1,2028,31,632
tool-comparison-054-zhuravlevma__nestjs-active-record_MO-C04_0,zhuravlevma__nestjs-active-record:MO-C04:0,1950,10,633
tool-comparison-055-zhuravlevma__nestjs-active-record_MO-C04_1,zhuravlevma__nestjs-active-record:MO-C04:1,1957,9,619
tool-comparison-056-zhuravlevma__nestjs-active-record_MO-C04n_0,zhuravlevma__nestjs-active-record:MO-C04n:0,2477,10,622
tool-comparison-057-zhuravlevma__nestjs-active-record_MO-C04n_1,zhuravlevma__nestjs-active-record:MO-C04n:1,2019,11,655
tool-comparison-058-zhuravlevma__nestjs-active-record_MO-X01_0,zhuravlevma__nestjs-active-record:MO-X01:0,2130,13,638
tool-comparison-059-zhuravlevma__nestjs-active-record_MO-X01_1,zhuravlevma__nestjs-active-record:MO-X01:1,1941,12,654
tool-comparison-060-zhuravlevma__nestjs-active-record_MO-X01n_0,zhuravlevma__nestjs-active-record:MO-X01n:0,2370,14,634
tool-comparison-061-zhuravlevma__nestjs-active-record_MO-X01n_1,zhuravlevma__nestjs-active-record:MO-X01n:1,2426,12,624
tool-comparison-062-nestjslatam__ddd_MO-S01_0,nestjslatam__ddd:MO-S01:0,6239,260,680
tool-comparison-063-nestjslatam__ddd_MO-S01_1,nestjslatam__ddd:MO-S01:1,3284,159,688
tool-comparison-064-nestjslatam__ddd_MO-S01n_0,nestjslatam__ddd:MO-S01n:0,3242,149,702
tool-comparison-065-nestjslatam__ddd_MO-S01n_1,nestjslatam__ddd:MO-S01n:1,3044,153,746
tool-comparison-066-nestjslatam__ddd_MO-P01_0,nestjslatam__ddd:MO-P01:0,2909,164,683
tool-comparison-067-nestjslatam__ddd_MO-P01_1,nestjslatam__ddd:MO-P01:1,2985,167,696
tool-comparison-068-nestjslatam__ddd_MO-P01n_0,nestjslatam__ddd:MO-P01n:0,3127,148,681
tool-comparison-069-nestjslatam__ddd_MO-P01n_1,nestjslatam__ddd:MO-P01n:1,2861,153,759
tool-comparison-070-nestjslatam__ddd_MO-C04_0,nestjslatam__ddd:MO-C04:0,3101,139,691
tool-comparison-071-nestjslatam__ddd_MO-C04_1,nestjslatam__ddd:MO-C04:1,3296,147,686
tool-comparison-072-nestjslatam__ddd_MO-C04n_0,nestjslatam__ddd:MO-C04n:0,3581,144,679
tool-comparison-073-nestjslatam__ddd_MO-C04n_1,nestjslatam__ddd:MO-C04n:1,2954,155,684
tool-comparison-074-nestjslatam__ddd_MO-X01_0,nestjslatam__ddd:MO-X01:0,2821,162,695
tool-comparison-075-nestjslatam__ddd_MO-X01_1,nestjslatam__ddd:MO-X01:1,2882,178,697
tool-comparison-076-nestjslatam__ddd_MO-X01n_0,nestjslatam__ddd:MO-X01n:0,3001,157,714
tool-comparison-077-nestjslatam__ddd_MO-X01n_1,nestjslatam__ddd:MO-X01n:1,2921,167,691
tool-comparison-078-v-aguiar__valex_MO-S01_0,v-aguiar__valex:MO-S01:0,1593,39,478
tool-comparison-079-v-aguiar__valex_MO-S01_1,v-aguiar__valex:MO-S01:1,1247,13,481
tool-comparison-080-v-aguiar__valex_MO-S01n_0,v-aguiar__valex:MO-S01n:0,1266,22,534
tool-comparison-081-v-aguiar__valex_MO-S01n_1,v-aguiar__valex:MO-S01n:1,1284,12,497
tool-comparison-082-v-aguiar__valex_MO-P01_0,v-aguiar__valex:MO-P01:0,1590,11,484
tool-comparison-083-v-aguiar__valex_MO-P01_1,v-aguiar__valex:MO-P01:1,1431,11,487
tool-comparison-084-v-aguiar__valex_MO-P01n_0,v-aguiar__valex:MO-P01n:0,1361,11,481
tool-comparison-085-v-aguiar__valex_MO-P01n_1,v-aguiar__valex:MO-P01n:1,1261,15,496
tool-comparison-086-v-aguiar__valex_MO-C04_0,v-aguiar__valex:MO-C04:0,1307,15,507
tool-comparison-087-v-aguiar__valex_MO-C04_1,v-aguiar__valex:MO-C04:1,1399,13,600
tool-comparison-088-v-aguiar__valex_MO-C04n_0,v-aguiar__valex:MO-C04n:0,1253,13,486
tool-comparison-089-v-aguiar__valex_MO-C04n_1,v-aguiar__valex:MO-C04n:1,1268,13,634
tool-comparison-090-v-aguiar__valex_MO-S03_0,v-aguiar__valex:MO-S03:0,1330,14,482
tool-comparison-091-v-aguiar__valex_MO-S03_1,v-aguiar__valex:MO-S03:1,1253,12,482
tool-comparison-092-v-aguiar__valex_MO-S03n_0,v-aguiar__valex:MO-S03n:0,1416,29,480
tool-comparison-093-v-aguiar__valex_MO-S03n_1,v-aguiar__valex:MO-S03n:1,1276,13,490
