seed_id,project_id,operator_id,kind,so4_v2_status,scored,da,depcruise,da_new,depcruise_new,da_other_new,depcruise_other_new
realworld-test:MO-P01:0,realworld-test,MO-P01,seed,matched,true,1,1,1,1,0,0
realworld-test:MO-P01:1,realworld-test,MO-P01,seed,matched,true,1,1,1,1,0,0
realworld-test:MO-C04:0,realworld-test,MO-C04,seed,matched,true,1,1,1,1,0,0
realworld-test:MO-C04:1,realworld-test,MO-C04,seed,matched,true,1,1,1,1,0,0
realworld-test:MO-C04n:0,realworld-test,MO-C04n,twin,twin-clean,true,0,0,0,0,0,0
realworld-test:MO-C04n:1,realworld-test,MO-C04n,twin,twin-clean,true,0,0,0,0,0,0
ghostfolio-test:MO-P01:0,ghostfolio-test,MO-P01,seed,matched,true,1,1,1,34,0,33
ghostfolio-test:MO-P01:1,ghostfolio-test,MO-P01,seed,matched,true,1,0,1,33,0,33
ghostfolio-test:MO-C04:0,ghostfolio-test,MO-C04,seed,matched,true,1,1,1,34,0,33
ghostfolio-test:MO-C04:1,ghostfolio-test,MO-C04,seed,matched,true,1,1,1,34,0,33
truthy-demo:MO-S01:0,truthy-demo,MO-S01,seed,matched,true,1,1,2,2,0,0
truthy-demo:MO-S01:1,truthy-demo,MO-S01,seed,matched,true,1,1,2,2,0,0
truthy-demo:MO-S01n:0,truthy-demo,MO-S01n,twin,twin-clean,true,0,0,0,0,0,0
truthy-demo:MO-S01n:1,truthy-demo,MO-S01n,twin,twin-clean,true,0,0,0,0,0,0
truthy-demo:MO-P01:0,truthy-demo,MO-P01,seed,matched,true,1,1,1,1,0,0
truthy-demo:MO-P01n:0,truthy-demo,MO-P01n,twin,twin-clean,true,0,0,0,0,0,0
truthy-demo:MO-P01n:1,truthy-demo,MO-P01n,twin,twin-clean,true,0,0,0,0,0,0
truthy-demo:MO-C04:0,truthy-demo,MO-C04,seed,matched,true,1,1,1,1,0,0
truthy-demo:MO-C04:1,truthy-demo,MO-C04,seed,matched,true,1,1,1,1,0,0
truthy-demo:MO-C04n:0,truthy-demo,MO-C04n,twin,twin-clean,true,0,0,0,0,0,0
truthy-demo:MO-C04n:1,truthy-demo,MO-C04n,twin,twin-clean,true,0,0,0,0,0,0
truthy-demo:MO-X01:0,truthy-demo,MO-X01,seed,missed,true,0,1,0,2,0,0
truthy-demo:MO-X01:1,truthy-demo,MO-X01,seed,missed,true,0,1,0,2,0,0
truthy-demo:MO-X01n:0,truthy-demo,MO-X01n,twin,twin-clean,true,0,0,0,0,0,0
truthy-demo:MO-X01n:1,truthy-demo,MO-X01n,twin,twin-clean,true,0,0,0,0,0,0
dry-run-test:MO-S01:0,dry-run-test,MO-S01,seed,matched,true,1,1,2,2,0,0
dry-run-test:MO-S01:1,dry-run-test,MO-S01,seed,matched,true,1,1,8,8,6,6
dry-run-test:MO-S01n:0,dry-run-test,MO-S01n,twin,twin-clean,true,0,0,0,0,0,0
dry-run-test:MO-S01n:1,dry-run-test,MO-S01n,twin,twin-clean,true,0,0,0,0,0,0
dry-run-test:MO-P01:0,dry-run-test,MO-P01,seed,matched,true,1,1,1,1,0,0
dry-run-test:MO-P01:1,dry-run-test,MO-P01,seed,matched,true,1,1,1,1,0,0
dry-run-test:MO-P01n:0,dry-run-test,MO-P01n,twin,twin-clean,true,0,0,0,0,0,0
dry-run-test:MO-P01n:1,dry-run-test,MO-P01n,twin,twin-clean,true,0,0,0,0,0,0
dry-run-test:MO-C04:0,dry-run-test,MO-C04,seed,matched,true,1,1,1,1,0,0
dry-run-test:MO-C04:1,dry-run-test,MO-C04,seed,matched,true,1,1,1,1,0,0
dry-run-test:MO-C04n:0,dry-run-test,MO-C04n,twin,twin-clean,true,0,0,0,0,0,0
dry-run-test:MO-C04n:1,dry-run-test,MO-C04n,twin,twin-clean,true,0,0,0,0,0,0
dry-run-test:MO-X01n:0,dry-run-test,MO-X01n,twin,twin-clean,true,0,0,0,0,0,0
dry-run-test:MO-X01n:1,dry-run-test,MO-X01n,twin,twin-clean,true,0,0,0,0,0,0
zhuravlevma__nestjs-active-record:MO-S01:0,zhuravlevma__nestjs-active-record,MO-S01,seed,matched,true,1,1,3,3,1,1
zhuravlevma__nestjs-active-record:MO-S01:1,zhuravlevma__nestjs-active-record,MO-S01,seed,matched,true,1,1,3,3,1,1
zhuravlevma__nestjs-active-record:MO-S01n:0,zhuravlevma__nestjs-active-record,MO-S01n,twin,twin-clean,true,0,0,0,0,0,0
zhuravlevma__nestjs-active-record:MO-S01n:1,zhuravlevma__nestjs-active-record,MO-S01n,twin,twin-clean,true,0,0,0,0,0,0
zhuravlevma__nestjs-active-record:MO-P01:0,zhuravlevma__nestjs-active-record,MO-P01,seed,matched,true,1,1,1,1,0,0
zhuravlevma__nestjs-active-record:MO-P01:1,zhuravlevma__nestjs-active-record,MO-P01,seed,matched,true,1,1,1,1,0,0
zhuravlevma__nestjs-active-record:MO-P01n:0,zhuravlevma__nestjs-active-record,MO-P01n,twin,twin-clean,true,0,0,0,0,0,0
zhuravlevma__nestjs-active-record:MO-P01n:1,zhuravlevma__nestjs-active-record,MO-P01n,twin,twin-clean,true,0,0,0,0,0,0
zhuravlevma__nestjs-active-record:MO-C04:0,zhuravlevma__nestjs-active-record,MO-C04,seed,matched,true,1,1,1,1,0,0
zhuravlevma__nestjs-active-record:MO-C04:1,zhuravlevma__nestjs-active-record,MO-C04,seed,matched,true,1,1,1,1,0,0
zhuravlevma__nestjs-active-record:MO-C04n:0,zhuravlevma__nestjs-active-record,MO-C04n,twin,twin-clean,true,0,0,0,0,0,0
zhuravlevma__nestjs-active-record:MO-C04n:1,zhuravlevma__nestjs-active-record,MO-C04n,twin,twin-clean,true,0,0,0,0,0,0
zhuravlevma__nestjs-active-record:MO-X01:0,zhuravlevma__nestjs-active-record,MO-X01,seed,missed,true,0,1,0,3,0,1
zhuravlevma__nestjs-active-record:MO-X01:1,zhuravlevma__nestjs-active-record,MO-X01,seed,missed,true,0,1,0,3,0,1
zhuravlevma__nestjs-active-record:MO-X01n:0,zhuravlevma__nestjs-active-record,MO-X01n,twin,twin-clean,true,0,0,0,0,0,0
zhuravlevma__nestjs-active-record:MO-X01n:1,zhuravlevma__nestjs-active-record,MO-X01n,twin,twin-clean,true,0,0,0,0,0,0
nestjslatam__ddd:MO-S01:0,nestjslatam__ddd,MO-S01,seed,matched,true,1,1,2,2,0,0
nestjslatam__ddd:MO-S01:1,nestjslatam__ddd,MO-S01,seed,matched,true,1,1,2,9,0,7
nestjslatam__ddd:MO-S01n:0,nestjslatam__ddd,MO-S01n,twin,twin-clean,true,0,0,0,0,0,0
nestjslatam__ddd:MO-S01n:1,nestjslatam__ddd,MO-S01n,twin,twin-fired,true,0,0,0,0,0,0
nestjslatam__ddd:MO-P01:0,nestjslatam__ddd,MO-P01,seed,matched,true,1,1,1,1,0,0
nestjslatam__ddd:MO-P01:1,nestjslatam__ddd,MO-P01,seed,matched,true,1,1,1,1,0,0
nestjslatam__ddd:MO-P01n:0,nestjslatam__ddd,MO-P01n,twin,twin-fired,true,0,0,0,0,0,0
nestjslatam__ddd:MO-P01n:1,nestjslatam__ddd,MO-P01n,twin,twin-fired,true,0,0,0,0,0,0
nestjslatam__ddd:MO-C04:0,nestjslatam__ddd,MO-C04,seed,matched,true,1,1,1,1,0,0
nestjslatam__ddd:MO-C04:1,nestjslatam__ddd,MO-C04,seed,matched,true,1,1,1,1,0,0
nestjslatam__ddd:MO-C04n:0,nestjslatam__ddd,MO-C04n,twin,twin-clean,true,0,0,0,0,0,0
nestjslatam__ddd:MO-C04n:1,nestjslatam__ddd,MO-C04n,twin,twin-clean,true,0,0,0,0,0,0
nestjslatam__ddd:MO-X01:0,nestjslatam__ddd,MO-X01,seed,missed,true,0,1,0,2,0,0
nestjslatam__ddd:MO-X01:1,nestjslatam__ddd,MO-X01,seed,missed,true,0,1,0,2,0,0
nestjslatam__ddd:MO-X01n:0,nestjslatam__ddd,MO-X01n,twin,twin-clean,true,0,0,0,0,0,0
nestjslatam__ddd:MO-X01n:1,nestjslatam__ddd,MO-X01n,twin,twin-clean,true,0,0,0,0,0,0
v-aguiar__valex:MO-S01:0,v-aguiar__valex,MO-S01,seed,not-applicable,false,0,0,0,0,0,0
v-aguiar__valex:MO-S01:1,v-aguiar__valex,MO-S01,seed,not-applicable,false,0,0,0,0,0,0
v-aguiar__valex:MO-S01n:0,v-aguiar__valex,MO-S01n,twin,twin-fired,true,1,1,2,2,2,2
v-aguiar__valex:MO-S01n:1,v-aguiar__valex,MO-S01n,twin,twin-fired,true,1,1,3,3,3,3
v-aguiar__valex:MO-P01:0,v-aguiar__valex,MO-P01,seed,matched,true,1,1,1,1,0,0
v-aguiar__valex:MO-P01:1,v-aguiar__valex,MO-P01,seed,matched,true,1,1,1,1,0,0
v-aguiar__valex:MO-P01n:0,v-aguiar__valex,MO-P01n,twin,twin-clean,true,0,0,0,0,0,0
v-aguiar__valex:MO-P01n:1,v-aguiar__valex,MO-P01n,twin,twin-clean,true,0,0,0,0,0,0
v-aguiar__valex:MO-C04:0,v-aguiar__valex,MO-C04,seed,matched,true,1,1,1,1,0,0
v-aguiar__valex:MO-C04:1,v-aguiar__valex,MO-C04,seed,matched,true,1,1,1,1,0,0
v-aguiar__valex:MO-C04n:0,v-aguiar__valex,MO-C04n,twin,twin-clean,true,0,0,0,0,0,0
v-aguiar__valex:MO-C04n:1,v-aguiar__valex,MO-C04n,twin,twin-clean,true,0,0,0,0,0,0
v-aguiar__valex:MO-S03:0,v-aguiar__valex,MO-S03,seed,matched,true,1,1,1,1,0,0
v-aguiar__valex:MO-S03:1,v-aguiar__valex,MO-S03,seed,matched,true,1,1,1,1,0,0
v-aguiar__valex:MO-S03n:0,v-aguiar__valex,MO-S03n,twin,twin-clean,true,0,0,0,0,0,0
v-aguiar__valex:MO-S03n:1,v-aguiar__valex,MO-S03n,twin,twin-clean,true,0,0,0,0,0,0
