project_id,functions_compared,detected_full,detected_ast_only,lost,gained,fewer,more,violations_full,violations_ast_only,violation_delta
correct-reference,22,2,3,0,1,0,0,15,16,1
dry-run-test,22,11,9,2,0,0,0,156,142,-14
ghostfolio-test,22,13,12,1,0,1,0,436,375,-61
realworld-test,22,6,6,0,0,0,0,41,41,0
truthy-demo,22,12,10,2,0,0,0,125,112,-13
variant-a-structural,22,9,8,2,1,0,0,16,15,-1
variant-b-pattern,22,9,7,2,0,0,0,18,14,-4
variant-c-everything,22,12,10,2,0,0,0,20,18,-2
variant-d-subtle,22,8,8,2,2,1,0,17,16,-1
