project_id,function_id,name,dimension,violations_full,violations_ast_only,detected_full,detected_ast_only,change,lost_violation_ids,gained_violation_ids
correct-reference,FF-C01,domain-stability,coupling,0,0,false,false,same,0,0
correct-reference,FF-C02,module-fan-out,coupling,0,0,false,false,same,0,0
correct-reference,FF-C03,component-instability,coupling,5,5,true,true,same,0,0
correct-reference,FF-C04,no-orphan-files,coupling,0,0,false,false,same,0,0
correct-reference,FF-C05,max-fan-in,coupling,0,0,false,false,same,0,0
correct-reference,FF-C06,abstraction-ratio,coupling,0,0,false,false,same,0,0
correct-reference,FF-CV02,naming-services,convention,0,0,false,false,same,0,0
correct-reference,FF-CV03,naming-repos,convention,0,0,false,false,same,0,0
correct-reference,FF-CV05,test-file-pairing,convention,10,10,true,true,same,0,0
correct-reference,FF-CV06,no-index-logic,convention,0,0,false,false,same,0,0
correct-reference,FF-P01,domain-purity,pattern,0,0,false,false,same,0,0
correct-reference,FF-P02,dependency-inversion,pattern,0,0,false,false,same,0,0
correct-reference,FF-P03,repository-pattern,pattern,0,1,false,true,gained,0,1
correct-reference,FF-P04,use-case-isolation,pattern,0,0,false,false,same,0,0
correct-reference,FF-P05,controller-no-entity,pattern,0,0,false,false,same,0,0
correct-reference,FF-P06,domain-state-purity,pattern,0,0,false,false,same,0,0
correct-reference,FF-S01,dependency-direction,structural,0,0,false,false,same,0,0
correct-reference,FF-S02,no-cyclic-deps,structural,0,0,false,false,same,0,0
correct-reference,FF-S04,no-domain-outward-dep,structural,0,0,false,false,same,0,0
correct-reference,FF-SO01,single-responsibility-proxy,solid,0,0,false,false,same,0,0
correct-reference,FF-SO02,interface-segregation-proxy,solid,0,0,false,false,same,0,0
correct-reference,FF-SO03,inheritance-depth,solid,0,0,false,false,same,0,0
dry-run-test,FF-C01,domain-stability,coupling,0,0,false,false,same,0,0
dry-run-test,FF-C02,module-fan-out,coupling,3,3,true,true,same,0,0
dry-run-test,FF-C03,component-instability,coupling,15,15,true,true,same,0,0
dry-run-test,FF-C04,no-orphan-files,coupling,1,1,true,true,same,0,0
dry-run-test,FF-C05,max-fan-in,coupling,0,0,false,false,same,0,0
dry-run-test,FF-C06,abstraction-ratio,coupling,1,1,true,true,same,0,0
dry-run-test,FF-CV02,naming-services,convention,0,0,false,false,same,0,0
dry-run-test,FF-CV03,naming-repos,convention,0,0,false,false,same,0,0
dry-run-test,FF-CV05,test-file-pairing,convention,103,103,true,true,same,0,0
dry-run-test,FF-CV06,no-index-logic,convention,0,0,false,false,same,0,0
dry-run-test,FF-P01,domain-purity,pattern,5,5,true,true,same,0,0
dry-run-test,FF-P02,dependency-inversion,pattern,8,0,true,false,lost,8,0
dry-run-test,FF-P03,repository-pattern,pattern,9,9,true,true,same,0,0
dry-run-test,FF-P04,use-case-isolation,pattern,6,0,true,false,lost,6,0
dry-run-test,FF-P05,controller-no-entity,pattern,0,0,false,false,same,0,0
dry-run-test,FF-P06,domain-state-purity,pattern,0,0,false,false,same,0,0
dry-run-test,FF-S01,dependency-direction,structural,3,3,true,true,same,0,0
dry-run-test,FF-S02,no-cyclic-deps,structural,0,0,false,false,same,0,0
dry-run-test,FF-S04,no-domain-outward-dep,structural,0,0,false,false,same,0,0
dry-run-test,FF-SO01,single-responsibility-proxy,solid,2,2,true,true,same,0,0
dry-run-test,FF-SO02,interface-segregation-proxy,solid,0,0,false,false,same,0,0
dry-run-test,FF-SO03,inheritance-depth,solid,0,0,false,false,same,0,0
ghostfolio-test,FF-C01,domain-stability,coupling,17,17,true,true,same,0,0
ghostfolio-test,FF-C02,module-fan-out,coupling,15,15,true,true,same,0,0
ghostfolio-test,FF-C03,component-instability,coupling,36,36,true,true,same,0,0
ghostfolio-test,FF-C04,no-orphan-files,coupling,1,1,true,true,same,0,0
ghostfolio-test,FF-C05,max-fan-in,coupling,8,8,true,true,same,0,0
ghostfolio-test,FF-C06,abstraction-ratio,coupling,1,1,true,true,same,0,0
ghostfolio-test,FF-CV02,naming-services,convention,0,0,false,false,same,0,0
ghostfolio-test,FF-CV03,naming-repos,convention,0,0,false,false,same,0,0
ghostfolio-test,FF-CV05,test-file-pairing,convention,202,202,true,true,same,0,0
ghostfolio-test,FF-CV06,no-index-logic,convention,0,0,false,false,same,0,0
ghostfolio-test,FF-P01,domain-purity,pattern,1,1,true,true,same,0,0
ghostfolio-test,FF-P02,dependency-inversion,pattern,55,0,true,false,lost,55,0
ghostfolio-test,FF-P03,repository-pattern,pattern,0,0,false,false,same,0,0
ghostfolio-test,FF-P04,use-case-isolation,pattern,0,0,false,false,same,0,0
ghostfolio-test,FF-P05,controller-no-entity,pattern,0,0,false,false,same,0,0
ghostfolio-test,FF-P06,domain-state-purity,pattern,0,0,false,false,same,0,0
ghostfolio-test,FF-S01,dependency-direction,structural,44,44,true,true,same,0,0
ghostfolio-test,FF-S02,no-cyclic-deps,structural,0,0,false,false,same,0,0
ghostfolio-test,FF-S04,no-domain-outward-dep,structural,33,33,true,true,same,0,0
ghostfolio-test,FF-SO01,single-responsibility-proxy,solid,22,16,true,true,fewer,6,0
ghostfolio-test,FF-SO02,interface-segregation-proxy,solid,1,1,true,true,same,0,0
ghostfolio-test,FF-SO03,inheritance-depth,solid,0,0,false,false,same,0,0
realworld-test,FF-C01,domain-stability,coupling,0,0,false,false,same,0,0
realworld-test,FF-C02,module-fan-out,coupling,0,0,false,false,same,0,0
realworld-test,FF-C03,component-instability,coupling,6,6,true,true,same,0,0
realworld-test,FF-C04,no-orphan-files,coupling,0,0,false,false,same,0,0
realworld-test,FF-C05,max-fan-in,coupling,0,0,false,false,same,0,0
realworld-test,FF-C06,abstraction-ratio,coupling,1,1,true,true,same,0,0
realworld-test,FF-CV02,naming-services,convention,0,0,false,false,same,0,0
realworld-test,FF-CV03,naming-repos,convention,0,0,false,false,same,0,0
realworld-test,FF-CV05,test-file-pairing,convention,25,25,true,true,same,0,0
realworld-test,FF-CV06,no-index-logic,convention,0,0,false,false,same,0,0
realworld-test,FF-P01,domain-purity,pattern,5,5,true,true,same,0,0
realworld-test,FF-P02,dependency-inversion,pattern,0,0,false,false,same,0,0
realworld-test,FF-P03,repository-pattern,pattern,0,0,false,false,same,0,0
realworld-test,FF-P04,use-case-isolation,pattern,0,0,false,false,same,0,0
realworld-test,FF-P05,controller-no-entity,pattern,0,0,false,false,same,0,0
realworld-test,FF-P06,domain-state-purity,pattern,0,0,false,false,same,0,0
realworld-test,FF-S01,dependency-direction,structural,0,0,false,false,same,0,0
realworld-test,FF-S02,no-cyclic-deps,structural,2,2,true,true,same,0,0
realworld-test,FF-S04,no-domain-outward-dep,structural,0,0,false,false,same,0,0
realworld-test,FF-SO01,single-responsibility-proxy,solid,2,2,true,true,same,0,0
realworld-test,FF-SO02,interface-segregation-proxy,solid,0,0,false,false,same,0,0
realworld-test,FF-SO03,inheritance-depth,solid,0,0,false,false,same,0,0
truthy-demo,FF-C01,domain-stability,coupling,0,0,false,false,same,0,0
truthy-demo,FF-C02,module-fan-out,coupling,4,4,true,true,same,0,0
truthy-demo,FF-C03,component-instability,coupling,11,11,true,true,same,0,0
truthy-demo,FF-C04,no-orphan-files,coupling,2,2,true,true,same,0,0
truthy-demo,FF-C05,max-fan-in,coupling,0,0,false,false,same,0,0
truthy-demo,FF-C06,abstraction-ratio,coupling,1,1,true,true,same,0,0
truthy-demo,FF-CV02,naming-services,convention,0,0,false,false,same,0,0
truthy-demo,FF-CV03,naming-repos,convention,0,0,false,false,same,0,0
truthy-demo,FF-CV05,test-file-pairing,convention,72,72,true,true,same,0,0
truthy-demo,FF-CV06,no-index-logic,convention,0,0,false,false,same,0,0
truthy-demo,FF-P01,domain-purity,pattern,6,6,true,true,same,0,0
truthy-demo,FF-P02,dependency-inversion,pattern,8,0,true,false,lost,8,0
truthy-demo,FF-P03,repository-pattern,pattern,6,6,true,true,same,0,0
truthy-demo,FF-P04,use-case-isolation,pattern,5,0,true,false,lost,5,0
truthy-demo,FF-P05,controller-no-entity,pattern,0,0,false,false,same,0,0
truthy-demo,FF-P06,domain-state-purity,pattern,0,0,false,false,same,0,0
truthy-demo,FF-S01,dependency-direction,structural,4,4,true,true,same,0,0
truthy-demo,FF-S02,no-cyclic-deps,structural,4,4,true,true,same,0,0
truthy-demo,FF-S04,no-domain-outward-dep,structural,0,0,false,false,same,0,0
truthy-demo,FF-SO01,single-responsibility-proxy,solid,2,2,true,true,same,0,0
truthy-demo,FF-SO02,interface-segregation-proxy,solid,0,0,false,false,same,0,0
truthy-demo,FF-SO03,inheritance-depth,solid,0,0,false,false,same,0,0
variant-a-structural,FF-C01,domain-stability,coupling,1,1,true,true,same,0,0
variant-a-structural,FF-C02,module-fan-out,coupling,0,0,false,false,same,0,0
variant-a-structural,FF-C03,component-instability,coupling,1,1,true,true,same,0,0
variant-a-structural,FF-C04,no-orphan-files,coupling,0,0,false,false,same,0,0
variant-a-structural,FF-C05,max-fan-in,coupling,0,0,false,false,same,0,0
variant-a-structural,FF-C06,abstraction-ratio,coupling,1,1,true,true,same,0,0
variant-a-structural,FF-CV02,naming-services,convention,0,0,false,false,same,0,0
variant-a-structural,FF-CV03,naming-repos,convention,0,0,false,false,same,0,0
variant-a-structural,FF-CV05,test-file-pairing,convention,6,6,true,true,same,0,0
variant-a-structural,FF-CV06,no-index-logic,convention,0,0,false,false,same,0,0
variant-a-structural,FF-P01,domain-purity,pattern,0,0,false,false,same,0,0
variant-a-structural,FF-P02,dependency-inversion,pattern,1,0,true,false,lost,1,0
variant-a-structural,FF-P03,repository-pattern,pattern,0,1,false,true,gained,0,1
variant-a-structural,FF-P04,use-case-isolation,pattern,1,0,true,false,lost,1,0
variant-a-structural,FF-P05,controller-no-entity,pattern,0,0,false,false,same,0,0
variant-a-structural,FF-P06,domain-state-purity,pattern,0,0,false,false,same,0,0
variant-a-structural,FF-S01,dependency-direction,structural,2,2,true,true,same,0,0
variant-a-structural,FF-S02,no-cyclic-deps,structural,2,2,true,true,same,0,0
variant-a-structural,FF-S04,no-domain-outward-dep,structural,1,1,true,true,same,0,0
variant-a-structural,FF-SO01,single-responsibility-proxy,solid,0,0,false,false,same,0,0
variant-a-structural,FF-SO02,interface-segregation-proxy,solid,0,0,false,false,same,0,0
variant-a-structural,FF-SO03,inheritance-depth,solid,0,0,false,false,same,0,0
variant-b-pattern,FF-C01,domain-stability,coupling,0,0,false,false,same,0,0
variant-b-pattern,FF-C02,module-fan-out,coupling,0,0,false,false,same,0,0
variant-b-pattern,FF-C03,component-instability,coupling,3,3,true,true,same,0,0
variant-b-pattern,FF-C04,no-orphan-files,coupling,0,0,false,false,same,0,0
variant-b-pattern,FF-C05,max-fan-in,coupling,0,0,false,false,same,0,0
variant-b-pattern,FF-C06,abstraction-ratio,coupling,1,1,true,true,same,0,0
variant-b-pattern,FF-CV02,naming-services,convention,0,0,false,false,same,0,0
variant-b-pattern,FF-CV03,naming-repos,convention,0,0,false,false,same,0,0
variant-b-pattern,FF-CV05,test-file-pairing,convention,5,5,true,true,same,0,0
variant-b-pattern,FF-CV06,no-index-logic,convention,0,0,false,false,same,0,0
variant-b-pattern,FF-P01,domain-purity,pattern,1,1,true,true,same,0,0
variant-b-pattern,FF-P02,dependency-inversion,pattern,2,0,true,false,lost,2,0
variant-b-pattern,FF-P03,repository-pattern,pattern,1,1,true,true,same,0,0
variant-b-pattern,FF-P04,use-case-isolation,pattern,2,0,true,false,lost,2,0
variant-b-pattern,FF-P05,controller-no-entity,pattern,0,0,false,false,same,0,0
variant-b-pattern,FF-P06,domain-state-purity,pattern,0,0,false,false,same,0,0
variant-b-pattern,FF-S01,dependency-direction,structural,2,2,true,true,same,0,0
variant-b-pattern,FF-S02,no-cyclic-deps,structural,0,0,false,false,same,0,0
variant-b-pattern,FF-S04,no-domain-outward-dep,structural,0,0,false,false,same,0,0
variant-b-pattern,FF-SO01,single-responsibility-proxy,solid,0,0,false,false,same,0,0
variant-b-pattern,FF-SO02,interface-segregation-proxy,solid,1,1,true,true,same,0,0
variant-b-pattern,FF-SO03,inheritance-depth,solid,0,0,false,false,same,0,0
variant-c-everything,FF-C01,domain-stability,coupling,0,0,false,false,same,0,0
variant-c-everything,FF-C02,module-fan-out,coupling,0,0,false,false,same,0,0
variant-c-everything,FF-C03,component-instability,coupling,2,2,true,true,same,0,0
variant-c-everything,FF-C04,no-orphan-files,coupling,1,1,true,true,same,0,0
variant-c-everything,FF-C05,max-fan-in,coupling,0,0,false,false,same,0,0
variant-c-everything,FF-C06,abstraction-ratio,coupling,1,1,true,true,same,0,0
variant-c-everything,FF-CV02,naming-services,convention,0,0,false,false,same,0,0
variant-c-everything,FF-CV03,naming-repos,convention,0,0,false,false,same,0,0
variant-c-everything,FF-CV05,test-file-pairing,convention,7,7,true,true,same,0,0
variant-c-everything,FF-CV06,no-index-logic,convention,0,0,false,false,same,0,0
variant-c-everything,FF-P01,domain-purity,pattern,2,2,true,true,same,0,0
variant-c-everything,FF-P02,dependency-inversion,pattern,1,0,true,false,lost,1,0
variant-c-everything,FF-P03,repository-pattern,pattern,1,1,true,true,same,0,0
variant-c-everything,FF-P04,use-case-isolation,pattern,1,0,true,false,lost,1,0
variant-c-everything,FF-P05,controller-no-entity,pattern,0,0,false,false,same,0,0
variant-c-everything,FF-P06,domain-state-purity,pattern,0,0,false,false,same,0,0
variant-c-everything,FF-S01,dependency-direction,structural,1,1,true,true,same,0,0
variant-c-everything,FF-S02,no-cyclic-deps,structural,1,1,true,true,same,0,0
variant-c-everything,FF-S04,no-domain-outward-dep,structural,0,0,false,false,same,0,0
variant-c-everything,FF-SO01,single-responsibility-proxy,solid,1,1,true,true,same,0,0
variant-c-everything,FF-SO02,interface-segregation-proxy,solid,1,1,true,true,same,0,0
variant-c-everything,FF-SO03,inheritance-depth,solid,0,0,false,false,same,0,0
variant-d-subtle,FF-C01,domain-stability,coupling,1,1,true,true,same,0,0
variant-d-subtle,FF-C02,module-fan-out,coupling,0,0,false,false,same,0,0
variant-d-subtle,FF-C03,component-instability,coupling,2,2,true,true,same,0,0
variant-d-subtle,FF-C04,no-orphan-files,coupling,0,1,false,true,gained,0,1
variant-d-subtle,FF-C05,max-fan-in,coupling,0,0,false,false,same,0,0
variant-d-subtle,FF-C06,abstraction-ratio,coupling,1,1,true,true,same,0,0
variant-d-subtle,FF-CV02,naming-services,convention,0,0,false,false,same,0,0
variant-d-subtle,FF-CV03,naming-repos,convention,0,0,false,false,same,0,0
variant-d-subtle,FF-CV05,test-file-pairing,convention,7,7,true,true,same,0,0
variant-d-subtle,FF-CV06,no-index-logic,convention,0,0,false,false,same,0,0
variant-d-subtle,FF-P01,domain-purity,pattern,0,0,false,false,same,0,0
variant-d-subtle,FF-P02,dependency-inversion,pattern,1,0,true,false,lost,1,0
variant-d-subtle,FF-P03,repository-pattern,pattern,0,1,false,true,gained,0,1
variant-d-subtle,FF-P04,use-case-isolation,pattern,1,0,true,false,lost,1,0
variant-d-subtle,FF-P05,controller-no-entity,pattern,0,0,false,false,same,0,0
variant-d-subtle,FF-P06,domain-state-purity,pattern,0,0,false,false,same,0,0
variant-d-subtle,FF-S01,dependency-direction,structural,3,2,true,true,fewer,1,0
variant-d-subtle,FF-S02,no-cyclic-deps,structural,0,0,false,false,same,0,0
variant-d-subtle,FF-S04,no-domain-outward-dep,structural,1,1,true,true,same,0,0
variant-d-subtle,FF-SO01,single-responsibility-proxy,solid,0,0,false,false,same,0,0
variant-d-subtle,FF-SO02,interface-segregation-proxy,solid,0,0,false,false,same,0,0
variant-d-subtle,FF-SO03,inheritance-depth,solid,0,0,false,false,same,0,0
