project_id,edges_full,edges_ast_only,edges_removed,removed_imports,removed_implements,removed_extends,removed_constructor_injects,removed_calls,removed_declares,removed_contains,removed_flows_to,removed_re_exports,resolved_internal_full,resolved_internal_ast_only,arms_differ
realworld-test,257,225,32,0,0,0,5,22,0,0,0,5,72,72,true
ghostfolio-test,3666,2654,1012,0,13,20,309,670,0,0,0,0,1023,1023,true
truthy-demo,1009,867,142,0,3,16,23,98,0,0,0,2,307,307,true
dry-run-test,1136,977,159,0,6,8,23,122,0,0,0,0,409,409,true
correct-reference,53,46,7,0,1,0,4,2,0,0,0,0,12,12,true
variant-a-structural,30,26,4,0,1,0,1,1,0,0,1,0,9,9,true
variant-b-pattern,38,32,6,0,0,0,2,4,0,0,0,0,6,6,true
variant-c-everything,60,55,5,0,0,0,2,2,0,0,1,0,7,7,true
variant-d-subtle,33,27,6,0,1,0,2,2,0,0,0,1,8,8,true
