project_id,stores,candidates,skipped_union_or_intersection,skipped_unextracted_target,skipped_self_loop,flows_to_edges,flows_to_yield,resolved_internal,flows_to_per_resolved_import
realworld-test,2,0,0,2,0,0,,72,0.000000
ghostfolio-test,23,0,2,21,0,0,,1023,0.000000
truthy-demo,3,0,0,3,0,0,,307,0.000000
dry-run-test,3,0,0,3,0,0,,409,0.000000
correct-reference,1,0,0,1,0,0,,12,0.000000
variant-a-structural,2,1,0,1,0,1,1.000000,9,0.111111
variant-b-pattern,1,0,0,1,0,0,,6,0.000000
variant-c-everything,8,1,0,7,0,1,1.000000,7,0.142857
variant-d-subtle,1,0,0,1,0,0,,8,0.000000
