run_id,project_id,file_count,parse_coverage,node_count,edge_count,layer_coverage,nodes_file,nodes_class,nodes_interface,nodes_method,nodes_function,nodes_package,edges_imports,edges_implements,edges_extends,edges_constructor_injects,edges_calls,edges_declares,edges_contains,edges_flows_to,edges_re_exports,resolved_internal,flows_to_per_resolved_import
apg-ablation-000-realworld-test,realworld-test,35,1.000000,142,257,0.771429,35,27,9,59,1,11,129,0,0,5,22,37,59,0,5,72,0.000000
apg-ablation-001-realworld-test_ast-only,realworld-test@ast-only,35,1.000000,142,225,0.771429,35,27,9,59,1,11,129,0,0,0,0,37,59,0,0,72,0.000000
apg-ablation-002-ghostfolio-test,ghostfolio-test,241,1.000000,1232,3666,0.838174,241,204,43,675,13,56,1719,13,20,309,670,260,675,0,0,1023,0.000000
apg-ablation-003-ghostfolio-test_ast-only,ghostfolio-test@ast-only,241,1.000000,1232,2654,0.838174,241,204,43,675,13,56,1719,0,0,0,0,260,675,0,0,1023,0.000000
apg-ablation-004-truthy-demo,truthy-demo,131,1.000000,494,1009,0.549618,131,105,20,198,2,38,542,3,16,23,98,127,198,0,2,307,0.000000
apg-ablation-005-truthy-demo_ast-only,truthy-demo@ast-only,131,1.000000,494,867,0.549618,131,105,20,198,2,38,542,0,0,0,0,127,198,0,0,307,0.000000
apg-ablation-006-dry-run-test,dry-run-test,155,1.000000,468,1136,0.664516,155,125,4,146,5,33,697,6,8,23,122,134,146,0,0,409,0.000000
apg-ablation-007-dry-run-test_ast-only,dry-run-test@ast-only,155,1.000000,468,977,0.664516,155,125,4,146,5,33,697,0,0,0,0,134,146,0,0,409,0.000000
apg-ablation-008-correct-reference,correct-reference,10,1.000000,44,53,1.000000,10,6,5,23,0,0,12,1,0,4,2,11,23,0,0,12,0.000000
apg-ablation-009-correct-reference_ast-only,correct-reference@ast-only,10,1.000000,44,46,1.000000,10,6,5,23,0,0,12,0,0,0,0,11,23,0,0,12,0.000000
apg-ablation-010-variant-a-structural,variant-a-structural,6,1.000000,23,30,1.000000,6,4,1,12,0,0,9,1,0,1,1,5,12,1,0,9,0.111111
apg-ablation-011-variant-a-structural_ast-only,variant-a-structural@ast-only,6,1.000000,23,26,1.000000,6,4,1,12,0,0,9,0,0,0,0,5,12,0,0,9,0.000000
apg-ablation-012-variant-b-pattern,variant-b-pattern,5,1.000000,31,38,1.000000,5,4,1,20,0,1,7,0,0,2,4,5,20,0,0,6,0.000000
apg-ablation-013-variant-b-pattern_ast-only,variant-b-pattern@ast-only,5,1.000000,31,32,1.000000,5,4,1,20,0,1,7,0,0,0,0,5,20,0,0,6,0.000000
apg-ablation-014-variant-c-everything,variant-c-everything,7,1.000000,55,60,1.000000,7,6,1,38,0,3,10,0,0,2,2,7,38,1,0,7,0.142857
apg-ablation-015-variant-c-everything_ast-only,variant-c-everything@ast-only,7,1.000000,55,55,1.000000,7,6,1,38,0,3,10,0,0,0,0,7,38,0,0,7,0.000000
apg-ablation-016-variant-d-subtle,variant-d-subtle,7,1.000000,27,33,1.000000,7,4,1,13,2,0,7,1,0,2,2,7,13,0,1,8,0.000000
apg-ablation-017-variant-d-subtle_ast-only,variant-d-subtle@ast-only,7,1.000000,27,27,1.000000,7,4,1,13,2,0,7,0,0,0,0,7,13,0,0,8,0.000000
