project_id,registered_run_id,variant_run_id,evaluation_mode,reading,registered_prereg_version,variant_prereg_version,ahs_deterministic,verdict_rules_only,ahs_combined_registered,ahs_combined_proportional,delta_combined,ahs_neuronal_registered,ahs_neuronal_proportional,delta_neuronal,avr_semantic_registered,avr_semantic_proportional,avr_integrity_registered,avr_integrity_proportional,verdict_registered,verdict_proportional,verdict_changed,same_judge_units,w_neural,judge_bound,ahs_combined_judge_blind,verdict_judge_blind,delta_dilution,dilution_identity,delta_judge_registered,delta_judge_proportional,judge_mattered_registered,judge_mattered_proportional,ahs_combined_any_fail,verdict_any_fail,any_fail_changed,reading_judge_weighted,w_neural_jw,judge_bound_jw,ahs_combined_jw_judge_blind,verdict_jw_judge_blind,ahs_combined_jw_registered,verdict_jw_registered,delta_jw_registered,verdict_changed_jw_registered,delta_judge_jw_registered,judge_mattered_jw_registered,ahs_combined_jw_proportional,verdict_jw_proportional,delta_jw_proportional,verdict_changed_jw_proportional,delta_judge_jw_proportional,judge_mattered_jw_proportional,ahs_combined_jw_any_fail,verdict_jw_any_fail,delta_jw_any_fail,verdict_changed_jw_any_fail,delta_judge_jw_any_fail,judge_mattered_jw_any_fail
dry-run-test,e7-corpus-003-dry-run-test,e7-corpus-003-dry-run-test,full,post-hoc,11,14,0.504,soft-block,0.547,0.531,-0.016,1.000,0.800,-0.200,0.000,0.295,0.000,0.106,soft-block,soft-block,false,true,0.080,-0.080,0.547,soft-block,0.043,0.040,0.000,-0.016,false,false,0.491,hard-block,true,post-hoc,0.286,-0.286,0.649,soft-block,0.649,soft-block,0.102,false,0.000,false,0.591,soft-block,0.060,false,-0.058,false,0.449,hard-block,-0.042,false,-0.200,true
ghostfolio-test,e7-corpus-001-ghostfolio-test,e7-corpus-001-ghostfolio-test,full,post-hoc,11,14,0.387,hard-block,0.437,0.416,-0.021,1.000,0.736,-0.264,0.000,0.359,0.000,0.169,hard-block,hard-block,false,true,0.080,-0.080,0.437,hard-block,0.050,0.049,0.000,-0.021,false,false,0.381,hard-block,false,post-hoc,0.286,-0.286,0.563,soft-block,0.563,soft-block,0.126,true,0.000,false,0.488,hard-block,0.072,false,-0.075,true,0.363,hard-block,-0.018,false,-0.200,true
nestjslatam__ddd,e7-corpus-005-nestjslatam__ddd,e7-corpus-005-nestjslatam__ddd,full,post-hoc,11,14,0.354,hard-block,0.411,0.400,-0.011,1.000,0.871,-0.129,0.000,0.122,0.000,0.136,hard-block,hard-block,false,true,0.080,-0.080,0.411,hard-block,0.057,0.052,0.000,-0.011,false,false,0.355,hard-block,false,post-hoc,0.286,-0.286,0.542,soft-block,0.542,soft-block,0.131,true,0.000,false,0.506,soft-block,0.106,true,-0.036,false,0.342,hard-block,-0.013,false,-0.200,true
raouf-b-dev__ecommerce-store-api,e7-corpus-008-raouf-b-dev__ecommerce-store-api,e7-corpus-008-raouf-b-dev__ecommerce-store-api,full,post-hoc,11,14,0.175,hard-block,0.247,0.233,-0.014,1.000,0.824,-0.176,0.000,0.199,0.000,0.154,hard-block,hard-block,false,true,0.080,-0.080,0.247,hard-block,0.072,0.066,0.000,-0.014,false,false,0.191,hard-block,false,post-hoc,0.286,-0.286,0.415,hard-block,0.415,hard-block,0.168,false,0.000,false,0.365,hard-block,0.132,false,-0.050,false,0.215,hard-block,0.024,false,-0.200,false
realworld-test,e7-corpus-000-realworld-test,e7-corpus-000-realworld-test,full,post-hoc,11,14,0.721,warning,0.743,0.723,-0.020,1.000,0.752,-0.248,0.000,0.278,0.000,0.219,warning,warning,false,true,0.080,-0.080,0.743,warning,0.022,0.022,0.000,-0.020,false,false,0.687,warning,false,post-hoc,0.286,-0.286,0.800,pass,0.800,pass,0.057,true,0.000,false,0.729,warning,0.006,false,-0.071,true,0.600,soft-block,-0.087,true,-0.200,true
truthy-demo,e7-corpus-002-truthy-demo,e7-corpus-002-truthy-demo,full,post-hoc,11,14,0.387,hard-block,0.441,0.430,-0.011,1.000,0.867,-0.133,0.000,0.151,0.000,0.116,hard-block,hard-block,false,true,0.080,-0.080,0.441,hard-block,0.054,0.049,0.000,-0.011,false,false,0.385,hard-block,false,post-hoc,0.286,-0.286,0.566,soft-block,0.566,soft-block,0.125,true,0.000,false,0.528,soft-block,0.098,true,-0.038,false,0.366,hard-block,-0.019,false,-0.200,true
v-aguiar__valex,e7-corpus-006-v-aguiar__valex,e7-corpus-006-v-aguiar__valex,full,post-hoc,11,14,0.553,soft-block,0.591,0.586,-0.005,1.000,0.930,-0.070,0.000,0.000,0.000,0.140,soft-block,soft-block,false,true,0.080,-0.080,0.591,soft-block,0.038,0.036,0.000,-0.005,false,false,0.563,soft-block,false,post-hoc,0.286,-0.286,0.683,warning,0.683,warning,0.092,true,0.000,false,0.663,warning,0.077,true,-0.020,false,0.583,soft-block,0.020,false,-0.100,true
zhuravlevma__nestjs-active-record,e7-corpus-004-zhuravlevma__nestjs-active-record,e7-corpus-004-zhuravlevma__nestjs-active-record,full,post-hoc,11,14,0.571,soft-block,0.608,0.603,-0.005,1.000,0.939,-0.061,0.000,0.058,0.000,0.064,soft-block,soft-block,false,true,0.080,-0.080,0.608,soft-block,0.037,0.034,0.000,-0.005,false,false,0.552,soft-block,false,post-hoc,0.286,-0.286,0.695,warning,0.695,warning,0.087,true,0.000,false,0.678,warning,0.075,true,-0.017,false,0.495,hard-block,-0.057,true,-0.200,true
zhuravlevma__typescript-ddd-architecture,e7-corpus-007-zhuravlevma__typescript-ddd-architecture,e7-corpus-007-zhuravlevma__typescript-ddd-architecture,full,post-hoc,11,14,0.392,hard-block,0.443,0.437,-0.006,1.000,0.916,-0.084,0.000,0.072,0.000,0.097,hard-block,hard-block,false,true,0.080,-0.080,0.443,hard-block,0.051,0.049,0.000,-0.006,false,false,0.387,hard-block,false,post-hoc,0.286,-0.286,0.568,soft-block,0.568,soft-block,0.125,true,0.000,false,0.544,soft-block,0.107,true,-0.024,false,0.368,hard-block,-0.019,false,-0.200,true
