run_id,project_id,file_count,total_ms,stage,stage_ms,within_stage,cycle_queries_sum_ms,gate_result_unregistered
e7-corpus-000-realworld-test,realworld-test,35,2381,parallel:extract-apg+parse-spec,756,,59,pass
e7-corpus-000-realworld-test,realworld-test,35,2381,ingest-apg,790,,59,pass
e7-corpus-000-realworld-test,realworld-test,35,2381,compile-functions,1,,59,pass
e7-corpus-000-realworld-test,realworld-test,35,2381,route-evaluate,782,,59,pass
e7-corpus-000-realworld-test,realworld-test,35,2381,universal-metric:cyclicDependencyCount,12,compute-scores,59,pass
e7-corpus-000-realworld-test,realworld-test,35,2381,compute-scores,52,,59,pass
e7-corpus-001-ghostfolio-test,ghostfolio-test,241,7200,parallel:extract-apg+parse-spec,3937,,2031,pass
e7-corpus-001-ghostfolio-test,ghostfolio-test,241,7200,ingest-apg,386,,2031,pass
e7-corpus-001-ghostfolio-test,ghostfolio-test,241,7200,compile-functions,2,,2031,pass
e7-corpus-001-ghostfolio-test,ghostfolio-test,241,7200,route-evaluate,1397,,2031,pass
e7-corpus-001-ghostfolio-test,ghostfolio-test,241,7200,universal-metric:cyclicDependencyCount,1457,compute-scores,2031,pass
e7-corpus-001-ghostfolio-test,ghostfolio-test,241,7200,compute-scores,1478,,2031,pass
e7-corpus-002-truthy-demo,truthy-demo,131,2641,parallel:extract-apg+parse-spec,1473,,165,pass
e7-corpus-002-truthy-demo,truthy-demo,131,2641,ingest-apg,226,,165,pass
e7-corpus-002-truthy-demo,truthy-demo,131,2641,compile-functions,1,,165,pass
e7-corpus-002-truthy-demo,truthy-demo,131,2641,route-evaluate,813,,165,pass
e7-corpus-002-truthy-demo,truthy-demo,131,2641,universal-metric:cyclicDependencyCount,98,compute-scores,165,pass
e7-corpus-002-truthy-demo,truthy-demo,131,2641,compute-scores,128,,165,pass
e7-corpus-003-dry-run-test,dry-run-test,155,2608,parallel:extract-apg+parse-spec,2027,,174,pass
e7-corpus-003-dry-run-test,dry-run-test,155,2608,ingest-apg,187,,174,pass
e7-corpus-003-dry-run-test,dry-run-test,155,2608,compile-functions,1,,174,pass
e7-corpus-003-dry-run-test,dry-run-test,155,2608,route-evaluate,288,,174,pass
e7-corpus-003-dry-run-test,dry-run-test,155,2608,universal-metric:cyclicDependencyCount,96,compute-scores,174,pass
e7-corpus-003-dry-run-test,dry-run-test,155,2608,compute-scores,105,,174,pass
e7-corpus-004-zhuravlevma__nestjs-active-record,zhuravlevma__nestjs-active-record,26,1249,parallel:extract-apg+parse-spec,1023,,6,pass
e7-corpus-004-zhuravlevma__nestjs-active-record,zhuravlevma__nestjs-active-record,26,1249,ingest-apg,119,,6,pass
e7-corpus-004-zhuravlevma__nestjs-active-record,zhuravlevma__nestjs-active-record,26,1249,compile-functions,1,,6,pass
e7-corpus-004-zhuravlevma__nestjs-active-record,zhuravlevma__nestjs-active-record,26,1249,route-evaluate,94,,6,pass
e7-corpus-004-zhuravlevma__nestjs-active-record,zhuravlevma__nestjs-active-record,26,1249,universal-metric:cyclicDependencyCount,3,compute-scores,6,pass
e7-corpus-004-zhuravlevma__nestjs-active-record,zhuravlevma__nestjs-active-record,26,1249,compute-scores,12,,6,pass
e7-corpus-005-nestjslatam__ddd,nestjslatam__ddd,213,2354,parallel:extract-apg+parse-spec,1478,,252,pass
e7-corpus-005-nestjslatam__ddd,nestjslatam__ddd,213,2354,ingest-apg,410,,252,pass
e7-corpus-005-nestjslatam__ddd,nestjslatam__ddd,213,2354,compile-functions,2,,252,pass
e7-corpus-005-nestjslatam__ddd,nestjslatam__ddd,213,2354,route-evaluate,298,,252,pass
e7-corpus-005-nestjslatam__ddd,nestjslatam__ddd,213,2354,universal-metric:cyclicDependencyCount,148,compute-scores,252,pass
e7-corpus-005-nestjslatam__ddd,nestjslatam__ddd,213,2354,compute-scores,166,,252,pass
e7-corpus-006-v-aguiar__valex,v-aguiar__valex,32,1286,parallel:extract-apg+parse-spec,421,,39,pass
e7-corpus-006-v-aguiar__valex,v-aguiar__valex,32,1286,ingest-apg,126,,39,pass
e7-corpus-006-v-aguiar__valex,v-aguiar__valex,32,1286,compile-functions,2,,39,pass
e7-corpus-006-v-aguiar__valex,v-aguiar__valex,32,1286,route-evaluate,691,,39,pass
e7-corpus-006-v-aguiar__valex,v-aguiar__valex,32,1286,universal-metric:cyclicDependencyCount,18,compute-scores,39,pass
e7-corpus-006-v-aguiar__valex,v-aguiar__valex,32,1286,compute-scores,46,,39,pass
e7-corpus-007-zhuravlevma__typescript-ddd-architecture,zhuravlevma__typescript-ddd-architecture,188,2277,parallel:extract-apg+parse-spec,1682,,18,pass
e7-corpus-007-zhuravlevma__typescript-ddd-architecture,zhuravlevma__typescript-ddd-architecture,188,2277,ingest-apg,208,,18,pass
e7-corpus-007-zhuravlevma__typescript-ddd-architecture,zhuravlevma__typescript-ddd-architecture,188,2277,compile-functions,2,,18,pass
e7-corpus-007-zhuravlevma__typescript-ddd-architecture,zhuravlevma__typescript-ddd-architecture,188,2277,route-evaluate,361,,18,pass
e7-corpus-007-zhuravlevma__typescript-ddd-architecture,zhuravlevma__typescript-ddd-architecture,188,2277,universal-metric:cyclicDependencyCount,13,compute-scores,18,pass
e7-corpus-007-zhuravlevma__typescript-ddd-architecture,zhuravlevma__typescript-ddd-architecture,188,2277,compute-scores,24,,18,pass
e7-corpus-008-raouf-b-dev__ecommerce-store-api,raouf-b-dev__ecommerce-store-api,819,12026,parallel:extract-apg+parse-spec,4375,,5521,pass
e7-corpus-008-raouf-b-dev__ecommerce-store-api,raouf-b-dev__ecommerce-store-api,819,12026,ingest-apg,658,,5521,pass
e7-corpus-008-raouf-b-dev__ecommerce-store-api,raouf-b-dev__ecommerce-store-api,819,12026,compile-functions,1,,5521,pass
e7-corpus-008-raouf-b-dev__ecommerce-store-api,raouf-b-dev__ecommerce-store-api,819,12026,route-evaluate,2168,,5521,pass
e7-corpus-008-raouf-b-dev__ecommerce-store-api,raouf-b-dev__ecommerce-store-api,819,12026,universal-metric:cyclicDependencyCount,4793,compute-scores,5521,pass
e7-corpus-008-raouf-b-dev__ecommerce-store-api,raouf-b-dev__ecommerce-store-api,819,12026,compute-scores,4824,,5521,pass
