project_id,function_id,dimension,majority_verdict,registered_contribution,proportional_share,units_selected,units_valid,units_failed,units_split_vote,candidate_count,strata
dry-run-test,FF-N01,integrity,warning,0.000000,0.106329,20,20,2,0,79,application:30/5/2;domain:10/5/0;infrastructure:11/5/0;presentation:28/5/0
dry-run-test,FF-N02,semantic,warning,0.000000,0.295340,20,20,9,0,103,application:42/5/3;domain:10/5/5;infrastructure:14/5/0;presentation:37/5/1
ghostfolio-test,FF-N01,integrity,warning,0.000000,0.169333,20,20,6,0,100,application:52/7/1;domain:8/7/3;presentation:40/6/2
ghostfolio-test,FF-N02,semantic,warning,0.000000,0.358746,20,20,8,0,202,application:105/7/5;domain:20/7/1;presentation:77/6/2
nestjslatam__ddd,FF-N01,integrity,warning,0.000000,0.136218,20,20,4,0,39,application:23/8/1;domain:11/7/3;infrastructure:5/5/0
nestjslatam__ddd,FF-N02,semantic,warning,0.000000,0.121739,20,20,2,0,115,application:70/7/2;domain:39/7/0;infrastructure:6/6/0
raouf-b-dev__ecommerce-store-api,FF-N01,integrity,warning,0.000000,0.154444,20,20,6,0,180,application:24/7/4;domain:91/7/2;infrastructure:65/6/0
raouf-b-dev__ecommerce-store-api,FF-N02,semantic,warning,0.000000,0.198559,20,20,5,0,555,application:89/7/2;domain:308/7/3;infrastructure:158/6/0
realworld-test,FF-N01,integrity,warning,0.000000,0.218750,16,16,5,0,16,application:6/6/3;domain:4/4/0;presentation:6/6/2
realworld-test,FF-N02,semantic,warning,0.000000,0.278500,20,20,9,0,25,application:9/8/3;domain:5/5/5;presentation:11/7/1
truthy-demo,FF-N01,integrity,warning,0.000000,0.116098,20,20,3,0,41,application:16/5/1;domain:7/5/0;infrastructure:8/5/1;presentation:10/5/1
truthy-demo,FF-N02,semantic,warning,0.000000,0.151111,20,20,6,0,72,application:34/5/1;domain:7/5/4;infrastructure:11/5/1;presentation:20/5/0
v-aguiar__valex,FF-N01,integrity,warning,0.000000,0.140000,5,5,1,0,5,business:1/1/1;persistence:1/1/0;presentation:3/3/0
v-aguiar__valex,FF-N02,semantic,pass,0.000000,0.000000,19,19,0,0,19,business:3/3/0;persistence:7/7/0;presentation:9/9/0
zhuravlevma__nestjs-active-record,FF-N01,integrity,warning,0.000000,0.063636,11,11,1,0,11,application:4/4/1;domain:1/1/0;infrastructure:2/2/0;presentation:4/4/0
zhuravlevma__nestjs-active-record,FF-N02,semantic,warning,0.000000,0.058333,20,20,2,0,24,application:16/12/0;domain:2/2/2;infrastructure:2/2/0;presentation:4/4/0
zhuravlevma__typescript-ddd-architecture,FF-N01,integrity,warning,0.000000,0.096667,20,20,3,0,84,application:15/5/2;domain:32/5/0;infrastructure:9/5/0;presentation:28/5/1
zhuravlevma__typescript-ddd-architecture,FF-N02,semantic,warning,0.000000,0.071728,20,20,1,0,162,application:31/5/0;domain:83/5/1;infrastructure:19/5/0;presentation:29/5/0
