run_id,plan_id,project_id,status,reason_code,file_count,total_ms,stages,ff_s02_ms,ff_s02_status,universal_cycle_ms,universal_cycle_status,budget_ms,gate_result,gate_cause
apg-ablation-000-realworld-test,apg-ablation,realworld-test,accepted,,35,1141,parallel:extract-apg+parse-spec:847;ingest-apg:100;compile-functions:2;evaluate-symbolic:171;universal-metric:cyclicDependencyCount:5;compute-scores:21,2,ok,5,ok,30000,pass,both cycle queries within 30000 ms
apg-ablation-001-realworld-test_ast-only,apg-ablation,realworld-test@ast-only,accepted,,35,650,parallel:extract-apg+parse-spec:543;ingest-apg:73;compile-functions:2;evaluate-symbolic:23;universal-metric:cyclicDependencyCount:3;compute-scores:9,3,ok,3,ok,30000,pass,both cycle queries within 30000 ms
apg-ablation-002-ghostfolio-test,apg-ablation,ghostfolio-test,accepted,,241,5977,parallel:extract-apg+parse-spec:3748;ingest-apg:270;compile-functions:2;evaluate-symbolic:626;universal-metric:cyclicDependencyCount:1313;compute-scores:1331,542,ok,1313,ok,30000,pass,both cycle queries within 30000 ms
apg-ablation-003-ghostfolio-test_ast-only,apg-ablation,ghostfolio-test@ast-only,accepted,,241,5510,parallel:extract-apg+parse-spec:3106;ingest-apg:253;compile-functions:1;evaluate-symbolic:885;universal-metric:cyclicDependencyCount:1238;compute-scores:1265,562,ok,1238,ok,30000,pass,both cycle queries within 30000 ms
apg-ablation-004-truthy-demo,apg-ablation,truthy-demo,accepted,,131,2077,parallel:extract-apg+parse-spec:1700;ingest-apg:217;compile-functions:1;evaluate-symbolic:68;universal-metric:cyclicDependencyCount:76;compute-scores:91,42,ok,76,ok,30000,pass,both cycle queries within 30000 ms
apg-ablation-005-truthy-demo_ast-only,apg-ablation,truthy-demo@ast-only,accepted,,131,1517,parallel:extract-apg+parse-spec:1229;ingest-apg:121;compile-functions:1;evaluate-symbolic:75;universal-metric:cyclicDependencyCount:80;compute-scores:91,48,ok,80,ok,30000,pass,both cycle queries within 30000 ms
apg-ablation-006-dry-run-test,apg-ablation,dry-run-test,accepted,,155,2515,parallel:extract-apg+parse-spec:2189;ingest-apg:141;compile-functions:1;evaluate-symbolic:86;universal-metric:cyclicDependencyCount:84;compute-scores:98,57,ok,84,ok,30000,pass,both cycle queries within 30000 ms
apg-ablation-007-dry-run-test_ast-only,apg-ablation,dry-run-test@ast-only,accepted,,155,2035,parallel:extract-apg+parse-spec:1667;ingest-apg:124;compile-functions:2;evaluate-symbolic:148;universal-metric:cyclicDependencyCount:76;compute-scores:94,67,ok,76,ok,30000,pass,both cycle queries within 30000 ms
apg-ablation-008-correct-reference,apg-ablation,correct-reference,accepted,,10,736,parallel:extract-apg+parse-spec:557;ingest-apg:146;compile-functions:2;evaluate-symbolic:22;universal-metric:cyclicDependencyCount:2;compute-scores:9,1,ok,2,ok,30000,pass,both cycle queries within 30000 ms
apg-ablation-009-correct-reference_ast-only,apg-ablation,correct-reference@ast-only,accepted,,10,600,parallel:extract-apg+parse-spec:510;ingest-apg:60;compile-functions:2;evaluate-symbolic:19;universal-metric:cyclicDependencyCount:1;compute-scores:9,1,ok,1,ok,30000,pass,both cycle queries within 30000 ms
apg-ablation-010-variant-a-structural,apg-ablation,variant-a-structural,accepted,,6,600,parallel:extract-apg+parse-spec:482;ingest-apg:83;compile-functions:2;evaluate-symbolic:24;universal-metric:cyclicDependencyCount:2;compute-scores:9,2,ok,2,ok,30000,pass,both cycle queries within 30000 ms
apg-ablation-011-variant-a-structural_ast-only,apg-ablation,variant-a-structural@ast-only,accepted,,6,565,parallel:extract-apg+parse-spec:483;ingest-apg:51;compile-functions:2;evaluate-symbolic:21;universal-metric:cyclicDependencyCount:1;compute-scores:8,1,ok,1,ok,30000,pass,both cycle queries within 30000 ms
apg-ablation-012-variant-b-pattern,apg-ablation,variant-b-pattern,accepted,,5,592,parallel:extract-apg+parse-spec:493;ingest-apg:67;compile-functions:1;evaluate-symbolic:23;universal-metric:cyclicDependencyCount:1;compute-scores:8,1,ok,1,ok,30000,pass,both cycle queries within 30000 ms
apg-ablation-013-variant-b-pattern_ast-only,apg-ablation,variant-b-pattern@ast-only,accepted,,5,644,parallel:extract-apg+parse-spec:483;ingest-apg:70;compile-functions:2;evaluate-symbolic:81;universal-metric:cyclicDependencyCount:1;compute-scores:8,26,ok,1,ok,30000,pass,both cycle queries within 30000 ms
apg-ablation-014-variant-c-everything,apg-ablation,variant-c-everything,accepted,,7,603,parallel:extract-apg+parse-spec:502;ingest-apg:69;compile-functions:2;evaluate-symbolic:21;universal-metric:cyclicDependencyCount:3;compute-scores:9,1,ok,3,ok,30000,pass,both cycle queries within 30000 ms
apg-ablation-015-variant-c-everything_ast-only,apg-ablation,variant-c-everything@ast-only,accepted,,7,887,parallel:extract-apg+parse-spec:509;ingest-apg:69;compile-functions:2;evaluate-symbolic:272;universal-metric:cyclicDependencyCount:10;compute-scores:35,2,ok,10,ok,30000,pass,both cycle queries within 30000 ms
apg-ablation-016-variant-d-subtle,apg-ablation,variant-d-subtle,accepted,,7,663,parallel:extract-apg+parse-spec:492;ingest-apg:122;compile-functions:3;evaluate-symbolic:36;universal-metric:cyclicDependencyCount:2;compute-scores:10,3,ok,2,ok,30000,pass,both cycle queries within 30000 ms
apg-ablation-017-variant-d-subtle_ast-only,apg-ablation,variant-d-subtle@ast-only,accepted,,7,579,parallel:extract-apg+parse-spec:489;ingest-apg:55;compile-functions:2;evaluate-symbolic:19;universal-metric:cyclicDependencyCount:3;compute-scores:14,1,ok,3,ok,30000,pass,both cycle queries within 30000 ms
