project_id,plan_id,run_id,status,file_count,in_nfr07_scope,node_count,edge_count,total_ms,ff_s02_ms,universal_cycle_ms,max_cycle_query_ms,budget_ms,within_budget
correct-reference,apg-ablation,apg-ablation-008-correct-reference,accepted,10,true,44,53,736,1,2,2,30000,true
dry-run-test,apg-ablation,apg-ablation-006-dry-run-test,accepted,155,true,468,1136,2515,57,84,84,30000,true
ghostfolio-test,apg-ablation,apg-ablation-002-ghostfolio-test,accepted,241,true,1232,3666,5977,542,1313,1313,30000,true
realworld-test,apg-ablation,apg-ablation-000-realworld-test,accepted,35,true,142,257,1141,2,5,5,30000,true
truthy-demo,apg-ablation,apg-ablation-004-truthy-demo,accepted,131,true,494,1009,2077,42,76,76,30000,true
variant-a-structural,apg-ablation,apg-ablation-010-variant-a-structural,accepted,6,true,23,30,600,2,2,2,30000,true
variant-b-pattern,apg-ablation,apg-ablation-012-variant-b-pattern,accepted,5,true,31,38,592,1,1,1,30000,true
variant-c-everything,apg-ablation,apg-ablation-014-variant-c-everything,accepted,7,true,55,60,603,1,3,3,30000,true
variant-d-subtle,apg-ablation,apg-ablation-016-variant-d-subtle,accepted,7,true,27,33,663,3,2,3,30000,true
