run_id,project_id,evaluation_mode,ahs_deterministic,ahs_combined,ahs_neuronal,verdict_source,verdict,avr_structural,avr_coupling,avr_pattern,avr_solid,avr_convention,avr_semantic,avr_integrity,dropped_dimensions
sensitivity-000-correct-reference,correct-reference,symbolic-only,0.958000,,,ahsDeterministic,pass,0.000000,0.167000,0.000000,0.000000,0.167000,,,
sensitivity-001-correct-reference,correct-reference,symbolic-only,0.710000,,,ahsDeterministic,warning,0.667000,0.200000,0.000000,0.000000,0.333000,,,
sensitivity-002-correct-reference_SP-FF-S01_0,correct-reference:SP-FF-S01:0,symbolic-only,0.692000,,,ahsDeterministic,warning,0.667000,0.333000,0.000000,0.000000,0.167000,,,
sensitivity-003-correct-reference_SP-FF-S02_0,correct-reference:SP-FF-S02:0,symbolic-only,0.842000,,,ahsDeterministic,pass,0.333000,0.167000,0.000000,0.000000,0.167000,,,
sensitivity-004-correct-reference_SP-FF-S03_0,correct-reference:SP-FF-S03:0,symbolic-only,0.710000,,,ahsDeterministic,warning,0.667000,0.200000,0.000000,0.000000,0.333000,,,
sensitivity-005-correct-reference_SP-FF-S04_0,correct-reference:SP-FF-S04:0,symbolic-only,0.692000,,,ahsDeterministic,warning,0.667000,0.333000,0.000000,0.000000,0.167000,,,
sensitivity-006-correct-reference_SP-FF-P01_0,correct-reference:SP-FF-P01:0,symbolic-only,0.908000,,,ahsDeterministic,pass,0.000000,0.167000,0.167000,0.000000,0.167000,,,
sensitivity-007-correct-reference_SP-FF-P02_0,correct-reference:SP-FF-P02:0,symbolic-only,0.908000,,,ahsDeterministic,pass,0.000000,0.167000,0.167000,0.000000,0.167000,,,
sensitivity-008-correct-reference_SP-FF-P03_0,correct-reference:SP-FF-P03:0,symbolic-only,0.908000,,,ahsDeterministic,pass,0.000000,0.167000,0.167000,0.000000,0.167000,,,
sensitivity-009-correct-reference_SP-FF-P04_0,correct-reference:SP-FF-P04:0,symbolic-only,0.742000,,,ahsDeterministic,warning,0.333000,0.167000,0.333000,0.000000,0.167000,,,
sensitivity-010-correct-reference_SP-FF-P05_0,correct-reference:SP-FF-P05:0,symbolic-only,0.908000,,,ahsDeterministic,pass,0.000000,0.167000,0.167000,0.000000,0.167000,,,
sensitivity-011-correct-reference_SP-DF01-ci_0,correct-reference:SP-DF01-ci:0,symbolic-only,0.642000,,,ahsDeterministic,soft-block,0.667000,0.333000,0.167000,0.000000,0.167000,,,
sensitivity-012-correct-reference_SP-FF-C01_0,correct-reference:SP-FF-C01:0,symbolic-only,0.692000,,,ahsDeterministic,warning,0.667000,0.333000,0.000000,0.000000,0.167000,,,
sensitivity-013-correct-reference_SP-FF-C02_0,correct-reference:SP-FF-C02:0,symbolic-only,0.925000,,,ahsDeterministic,pass,0.000000,0.333000,0.000000,0.000000,0.167000,,,
sensitivity-014-correct-reference_SP-FF-C03_0,correct-reference:SP-FF-C03:0,symbolic-only,0.958000,,,ahsDeterministic,pass,0.000000,0.167000,0.000000,0.000000,0.167000,,,
sensitivity-015-correct-reference_SP-FF-C04_0,correct-reference:SP-FF-C04:0,symbolic-only,0.925000,,,ahsDeterministic,pass,0.000000,0.333000,0.000000,0.000000,0.167000,,,
sensitivity-016-correct-reference_SP-FF-C05_0,correct-reference:SP-FF-C05:0,symbolic-only,0.925000,,,ahsDeterministic,pass,0.000000,0.333000,0.000000,0.000000,0.167000,,,
sensitivity-017-correct-reference_SP-FF-C06_0,correct-reference:SP-FF-C06:0,symbolic-only,0.892000,,,ahsDeterministic,pass,0.000000,0.500000,0.000000,0.000000,0.167000,,,
sensitivity-018-correct-reference_SP-FF-SO01_0,correct-reference:SP-FF-SO01:0,symbolic-only,0.925000,,,ahsDeterministic,pass,0.000000,0.167000,0.000000,0.333000,0.167000,,,
sensitivity-019-correct-reference_SP-FF-SO02_0,correct-reference:SP-FF-SO02:0,symbolic-only,0.925000,,,ahsDeterministic,pass,0.000000,0.167000,0.000000,0.333000,0.167000,,,
sensitivity-020-correct-reference_SP-FF-SO03_0,correct-reference:SP-FF-SO03:0,symbolic-only,0.892000,,,ahsDeterministic,pass,0.000000,0.333000,0.000000,0.333000,0.167000,,,
sensitivity-021-correct-reference_SP-FF-CV01_0,correct-reference:SP-FF-CV01:0,symbolic-only,0.958000,,,ahsDeterministic,pass,0.000000,0.167000,0.000000,0.000000,0.167000,,,
sensitivity-022-correct-reference_SP-FF-CV02_0,correct-reference:SP-FF-CV02:0,symbolic-only,0.950000,,,ahsDeterministic,pass,0.000000,0.167000,0.000000,0.000000,0.333000,,,
sensitivity-023-correct-reference_SP-FF-CV03_0,correct-reference:SP-FF-CV03:0,symbolic-only,0.950000,,,ahsDeterministic,pass,0.000000,0.167000,0.000000,0.000000,0.333000,,,
sensitivity-024-correct-reference_SP-FF-CV04_0,correct-reference:SP-FF-CV04:0,symbolic-only,0.958000,,,ahsDeterministic,pass,0.000000,0.167000,0.000000,0.000000,0.167000,,,
sensitivity-025-correct-reference_SP-FF-CV05_0,correct-reference:SP-FF-CV05:0,symbolic-only,0.958000,,,ahsDeterministic,pass,0.000000,0.167000,0.000000,0.000000,0.167000,,,
sensitivity-026-correct-reference_SP-FF-CV06_0,correct-reference:SP-FF-CV06:0,symbolic-only,0.958000,,,ahsDeterministic,pass,0.000000,0.167000,0.000000,0.000000,0.167000,,,
