run_id,parse_coverage,resolved_internal,external,external_out_of_root_alias,unresolved,dropped_no_file_node,unsupported_dynamic
sensitivity-000-correct-reference,1.000000,12,0,0,0,0,0
sensitivity-001-correct-reference,1.000000,12,0,0,0,0,0
sensitivity-002-correct-reference_SP-FF-S01_0,1.000000,13,0,0,0,0,0
sensitivity-003-correct-reference_SP-FF-S02_0,1.000000,13,0,0,0,0,0
sensitivity-004-correct-reference_SP-FF-S03_0,1.000000,13,0,0,0,0,0
sensitivity-005-correct-reference_SP-FF-S04_0,1.000000,13,0,0,0,0,0
sensitivity-006-correct-reference_SP-FF-P01_0,1.000000,12,1,0,0,0,0
sensitivity-007-correct-reference_SP-FF-P02_0,1.000000,13,0,0,0,0,0
sensitivity-008-correct-reference_SP-FF-P03_0,1.000000,12,0,0,0,0,0
sensitivity-009-correct-reference_SP-FF-P04_0,1.000000,13,0,0,0,0,0
sensitivity-010-correct-reference_SP-FF-P05_0,1.000000,13,0,0,0,0,0
sensitivity-011-correct-reference_SP-DF01-ci_0,1.000000,13,0,0,0,0,0
sensitivity-012-correct-reference_SP-FF-C01_0,1.000000,13,0,0,0,0,0
sensitivity-013-correct-reference_SP-FF-C02_0,1.000000,23,0,0,0,0,0
sensitivity-014-correct-reference_SP-FF-C03_0,1.000000,17,0,0,0,0,0
sensitivity-015-correct-reference_SP-FF-C04_0,1.000000,12,0,0,0,0,0
sensitivity-016-correct-reference_SP-FF-C05_0,1.000000,22,0,0,0,0,0
sensitivity-017-correct-reference_SP-FF-C06_0,1.000000,12,0,0,0,0,0
sensitivity-018-correct-reference_SP-FF-SO01_0,1.000000,12,0,0,0,0,0
sensitivity-019-correct-reference_SP-FF-SO02_0,1.000000,12,0,0,0,0,0
sensitivity-020-correct-reference_SP-FF-SO03_0,1.000000,12,0,0,0,0,0
sensitivity-021-correct-reference_SP-FF-CV01_0,1.000000,12,0,0,0,0,0
sensitivity-022-correct-reference_SP-FF-CV02_0,1.000000,12,0,0,0,0,0
sensitivity-023-correct-reference_SP-FF-CV03_0,1.000000,12,0,0,0,0,0
sensitivity-024-correct-reference_SP-FF-CV04_0,1.000000,12,0,0,0,0,0
sensitivity-025-correct-reference_SP-FF-CV05_0,1.000000,13,0,0,0,0,0
sensitivity-026-correct-reference_SP-FF-CV06_0,1.000000,13,0,0,0,0,0
