run_id,scenario_id,purpose,thresholds,neural_aggregation,ahs_source,ahs,verdict
sensitivity-000-correct-reference,thresholds:0.75/0.60/0.45,sensitivity-only,0.75/0.60/0.45,,ahsDeterministic,0.958,pass
sensitivity-000-correct-reference,thresholds:0.85/0.70/0.55,sensitivity-only,0.85/0.70/0.55,,ahsDeterministic,0.958,pass
sensitivity-001-correct-reference,thresholds:0.75/0.60/0.45,sensitivity-only,0.75/0.60/0.45,,ahsDeterministic,0.710,warning
sensitivity-001-correct-reference,thresholds:0.85/0.70/0.55,sensitivity-only,0.85/0.70/0.55,,ahsDeterministic,0.710,warning
sensitivity-002-correct-reference_SP-FF-S01_0,thresholds:0.75/0.60/0.45,sensitivity-only,0.75/0.60/0.45,,ahsDeterministic,0.692,warning
sensitivity-002-correct-reference_SP-FF-S01_0,thresholds:0.85/0.70/0.55,sensitivity-only,0.85/0.70/0.55,,ahsDeterministic,0.692,soft-block
sensitivity-003-correct-reference_SP-FF-S02_0,thresholds:0.75/0.60/0.45,sensitivity-only,0.75/0.60/0.45,,ahsDeterministic,0.842,pass
sensitivity-003-correct-reference_SP-FF-S02_0,thresholds:0.85/0.70/0.55,sensitivity-only,0.85/0.70/0.55,,ahsDeterministic,0.842,warning
sensitivity-004-correct-reference_SP-FF-S03_0,thresholds:0.75/0.60/0.45,sensitivity-only,0.75/0.60/0.45,,ahsDeterministic,0.710,warning
sensitivity-004-correct-reference_SP-FF-S03_0,thresholds:0.85/0.70/0.55,sensitivity-only,0.85/0.70/0.55,,ahsDeterministic,0.710,warning
sensitivity-005-correct-reference_SP-FF-S04_0,thresholds:0.75/0.60/0.45,sensitivity-only,0.75/0.60/0.45,,ahsDeterministic,0.692,warning
sensitivity-005-correct-reference_SP-FF-S04_0,thresholds:0.85/0.70/0.55,sensitivity-only,0.85/0.70/0.55,,ahsDeterministic,0.692,soft-block
sensitivity-006-correct-reference_SP-FF-P01_0,thresholds:0.75/0.60/0.45,sensitivity-only,0.75/0.60/0.45,,ahsDeterministic,0.908,pass
sensitivity-006-correct-reference_SP-FF-P01_0,thresholds:0.85/0.70/0.55,sensitivity-only,0.85/0.70/0.55,,ahsDeterministic,0.908,pass
sensitivity-007-correct-reference_SP-FF-P02_0,thresholds:0.75/0.60/0.45,sensitivity-only,0.75/0.60/0.45,,ahsDeterministic,0.908,pass
sensitivity-007-correct-reference_SP-FF-P02_0,thresholds:0.85/0.70/0.55,sensitivity-only,0.85/0.70/0.55,,ahsDeterministic,0.908,pass
sensitivity-008-correct-reference_SP-FF-P03_0,thresholds:0.75/0.60/0.45,sensitivity-only,0.75/0.60/0.45,,ahsDeterministic,0.908,pass
sensitivity-008-correct-reference_SP-FF-P03_0,thresholds:0.85/0.70/0.55,sensitivity-only,0.85/0.70/0.55,,ahsDeterministic,0.908,pass
sensitivity-009-correct-reference_SP-FF-P04_0,thresholds:0.75/0.60/0.45,sensitivity-only,0.75/0.60/0.45,,ahsDeterministic,0.742,warning
sensitivity-009-correct-reference_SP-FF-P04_0,thresholds:0.85/0.70/0.55,sensitivity-only,0.85/0.70/0.55,,ahsDeterministic,0.742,warning
sensitivity-010-correct-reference_SP-FF-P05_0,thresholds:0.75/0.60/0.45,sensitivity-only,0.75/0.60/0.45,,ahsDeterministic,0.908,pass
sensitivity-010-correct-reference_SP-FF-P05_0,thresholds:0.85/0.70/0.55,sensitivity-only,0.85/0.70/0.55,,ahsDeterministic,0.908,pass
sensitivity-011-correct-reference_SP-DF01-ci_0,thresholds:0.75/0.60/0.45,sensitivity-only,0.75/0.60/0.45,,ahsDeterministic,0.642,warning
sensitivity-011-correct-reference_SP-DF01-ci_0,thresholds:0.85/0.70/0.55,sensitivity-only,0.85/0.70/0.55,,ahsDeterministic,0.642,soft-block
sensitivity-012-correct-reference_SP-FF-C01_0,thresholds:0.75/0.60/0.45,sensitivity-only,0.75/0.60/0.45,,ahsDeterministic,0.692,warning
sensitivity-012-correct-reference_SP-FF-C01_0,thresholds:0.85/0.70/0.55,sensitivity-only,0.85/0.70/0.55,,ahsDeterministic,0.692,soft-block
sensitivity-013-correct-reference_SP-FF-C02_0,thresholds:0.75/0.60/0.45,sensitivity-only,0.75/0.60/0.45,,ahsDeterministic,0.925,pass
sensitivity-013-correct-reference_SP-FF-C02_0,thresholds:0.85/0.70/0.55,sensitivity-only,0.85/0.70/0.55,,ahsDeterministic,0.925,pass
sensitivity-014-correct-reference_SP-FF-C03_0,thresholds:0.75/0.60/0.45,sensitivity-only,0.75/0.60/0.45,,ahsDeterministic,0.958,pass
sensitivity-014-correct-reference_SP-FF-C03_0,thresholds:0.85/0.70/0.55,sensitivity-only,0.85/0.70/0.55,,ahsDeterministic,0.958,pass
sensitivity-015-correct-reference_SP-FF-C04_0,thresholds:0.75/0.60/0.45,sensitivity-only,0.75/0.60/0.45,,ahsDeterministic,0.925,pass
sensitivity-015-correct-reference_SP-FF-C04_0,thresholds:0.85/0.70/0.55,sensitivity-only,0.85/0.70/0.55,,ahsDeterministic,0.925,pass
sensitivity-016-correct-reference_SP-FF-C05_0,thresholds:0.75/0.60/0.45,sensitivity-only,0.75/0.60/0.45,,ahsDeterministic,0.925,pass
sensitivity-016-correct-reference_SP-FF-C05_0,thresholds:0.85/0.70/0.55,sensitivity-only,0.85/0.70/0.55,,ahsDeterministic,0.925,pass
sensitivity-017-correct-reference_SP-FF-C06_0,thresholds:0.75/0.60/0.45,sensitivity-only,0.75/0.60/0.45,,ahsDeterministic,0.892,pass
sensitivity-017-correct-reference_SP-FF-C06_0,thresholds:0.85/0.70/0.55,sensitivity-only,0.85/0.70/0.55,,ahsDeterministic,0.892,pass
sensitivity-018-correct-reference_SP-FF-SO01_0,thresholds:0.75/0.60/0.45,sensitivity-only,0.75/0.60/0.45,,ahsDeterministic,0.925,pass
sensitivity-018-correct-reference_SP-FF-SO01_0,thresholds:0.85/0.70/0.55,sensitivity-only,0.85/0.70/0.55,,ahsDeterministic,0.925,pass
sensitivity-019-correct-reference_SP-FF-SO02_0,thresholds:0.75/0.60/0.45,sensitivity-only,0.75/0.60/0.45,,ahsDeterministic,0.925,pass
sensitivity-019-correct-reference_SP-FF-SO02_0,thresholds:0.85/0.70/0.55,sensitivity-only,0.85/0.70/0.55,,ahsDeterministic,0.925,pass
sensitivity-020-correct-reference_SP-FF-SO03_0,thresholds:0.75/0.60/0.45,sensitivity-only,0.75/0.60/0.45,,ahsDeterministic,0.892,pass
sensitivity-020-correct-reference_SP-FF-SO03_0,thresholds:0.85/0.70/0.55,sensitivity-only,0.85/0.70/0.55,,ahsDeterministic,0.892,pass
sensitivity-021-correct-reference_SP-FF-CV01_0,thresholds:0.75/0.60/0.45,sensitivity-only,0.75/0.60/0.45,,ahsDeterministic,0.958,pass
sensitivity-021-correct-reference_SP-FF-CV01_0,thresholds:0.85/0.70/0.55,sensitivity-only,0.85/0.70/0.55,,ahsDeterministic,0.958,pass
sensitivity-022-correct-reference_SP-FF-CV02_0,thresholds:0.75/0.60/0.45,sensitivity-only,0.75/0.60/0.45,,ahsDeterministic,0.950,pass
sensitivity-022-correct-reference_SP-FF-CV02_0,thresholds:0.85/0.70/0.55,sensitivity-only,0.85/0.70/0.55,,ahsDeterministic,0.950,pass
sensitivity-023-correct-reference_SP-FF-CV03_0,thresholds:0.75/0.60/0.45,sensitivity-only,0.75/0.60/0.45,,ahsDeterministic,0.950,pass
sensitivity-023-correct-reference_SP-FF-CV03_0,thresholds:0.85/0.70/0.55,sensitivity-only,0.85/0.70/0.55,,ahsDeterministic,0.950,pass
sensitivity-024-correct-reference_SP-FF-CV04_0,thresholds:0.75/0.60/0.45,sensitivity-only,0.75/0.60/0.45,,ahsDeterministic,0.958,pass
sensitivity-024-correct-reference_SP-FF-CV04_0,thresholds:0.85/0.70/0.55,sensitivity-only,0.85/0.70/0.55,,ahsDeterministic,0.958,pass
sensitivity-025-correct-reference_SP-FF-CV05_0,thresholds:0.75/0.60/0.45,sensitivity-only,0.75/0.60/0.45,,ahsDeterministic,0.958,pass
sensitivity-025-correct-reference_SP-FF-CV05_0,thresholds:0.85/0.70/0.55,sensitivity-only,0.85/0.70/0.55,,ahsDeterministic,0.958,pass
sensitivity-026-correct-reference_SP-FF-CV06_0,thresholds:0.75/0.60/0.45,sensitivity-only,0.75/0.60/0.45,,ahsDeterministic,0.958,pass
sensitivity-026-correct-reference_SP-FF-CV06_0,thresholds:0.85/0.70/0.55,sensitivity-only,0.85/0.70/0.55,,ahsDeterministic,0.958,pass
