run_id,declared,adr_derived,compiled,disabled,dropped,dropped_ids,skipped_by_mode,executed,failed,not_applicable,metric_key_excluded,identity_ok,project_id,corpus_style,spec_style
sensitivity-000-correct-reference,27,0,24,3,0,,2,22,0,0,0,true,correct-reference,,
sensitivity-001-correct-reference,27,0,18,9,0,,2,16,0,0,0,true,correct-reference,,
sensitivity-002-correct-reference_SP-FF-S01_0,27,0,24,3,0,,2,22,0,0,0,true,correct-reference:SP-FF-S01:0,,
sensitivity-003-correct-reference_SP-FF-S02_0,27,0,24,3,0,,2,22,0,0,0,true,correct-reference:SP-FF-S02:0,,
sensitivity-004-correct-reference_SP-FF-S03_0,27,0,18,9,0,,2,16,0,0,0,true,correct-reference:SP-FF-S03:0,,
sensitivity-005-correct-reference_SP-FF-S04_0,27,0,24,3,0,,2,22,0,0,0,true,correct-reference:SP-FF-S04:0,,
sensitivity-006-correct-reference_SP-FF-P01_0,27,0,24,3,0,,2,22,0,0,0,true,correct-reference:SP-FF-P01:0,,
sensitivity-007-correct-reference_SP-FF-P02_0,27,0,24,3,0,,2,22,0,0,0,true,correct-reference:SP-FF-P02:0,,
sensitivity-008-correct-reference_SP-FF-P03_0,27,0,24,3,0,,2,22,0,0,0,true,correct-reference:SP-FF-P03:0,,
sensitivity-009-correct-reference_SP-FF-P04_0,27,0,24,3,0,,2,22,0,0,0,true,correct-reference:SP-FF-P04:0,,
sensitivity-010-correct-reference_SP-FF-P05_0,27,0,24,3,0,,2,22,0,0,0,true,correct-reference:SP-FF-P05:0,,
sensitivity-011-correct-reference_SP-DF01-ci_0,27,0,24,3,0,,2,22,0,0,0,true,correct-reference:SP-DF01-ci:0,,
sensitivity-012-correct-reference_SP-FF-C01_0,27,0,24,3,0,,2,22,0,0,0,true,correct-reference:SP-FF-C01:0,,
sensitivity-013-correct-reference_SP-FF-C02_0,27,0,24,3,0,,2,22,0,0,0,true,correct-reference:SP-FF-C02:0,,
sensitivity-014-correct-reference_SP-FF-C03_0,27,0,24,3,0,,2,22,0,0,0,true,correct-reference:SP-FF-C03:0,,
sensitivity-015-correct-reference_SP-FF-C04_0,27,0,24,3,0,,2,22,0,0,0,true,correct-reference:SP-FF-C04:0,,
sensitivity-016-correct-reference_SP-FF-C05_0,27,0,24,3,0,,2,22,0,0,0,true,correct-reference:SP-FF-C05:0,,
sensitivity-017-correct-reference_SP-FF-C06_0,27,0,24,3,0,,2,22,0,0,0,true,correct-reference:SP-FF-C06:0,,
sensitivity-018-correct-reference_SP-FF-SO01_0,27,0,24,3,0,,2,22,0,0,0,true,correct-reference:SP-FF-SO01:0,,
sensitivity-019-correct-reference_SP-FF-SO02_0,27,0,24,3,0,,2,22,0,0,0,true,correct-reference:SP-FF-SO02:0,,
sensitivity-020-correct-reference_SP-FF-SO03_0,27,0,24,3,0,,2,22,0,0,0,true,correct-reference:SP-FF-SO03:0,,
sensitivity-021-correct-reference_SP-FF-CV01_0,27,0,24,3,0,,2,22,0,0,0,true,correct-reference:SP-FF-CV01:0,,
sensitivity-022-correct-reference_SP-FF-CV02_0,27,0,24,3,0,,2,22,0,0,0,true,correct-reference:SP-FF-CV02:0,,
sensitivity-023-correct-reference_SP-FF-CV03_0,27,0,24,3,0,,2,22,0,0,0,true,correct-reference:SP-FF-CV03:0,,
sensitivity-024-correct-reference_SP-FF-CV04_0,27,0,24,3,0,,2,22,0,0,0,true,correct-reference:SP-FF-CV04:0,,
sensitivity-025-correct-reference_SP-FF-CV05_0,27,0,24,3,0,,2,22,0,0,0,true,correct-reference:SP-FF-CV05:0,,
sensitivity-026-correct-reference_SP-FF-CV06_0,27,0,24,3,0,,2,22,0,0,0,true,correct-reference:SP-FF-CV06:0,,
