plan_id,probe_id,function_id,pass,line_confirmed,excluded_after_fail,fix_attempt_ref
sensitivity,SP-DF01-ci,FF-P06,true,,false,
sensitivity,SP-FF-C01,FF-C01,true,,false,
sensitivity,SP-FF-C02,FF-C02,true,,false,
sensitivity,SP-FF-C03,FF-C03,true,,false,
sensitivity,SP-FF-C04,FF-C04,true,,false,
sensitivity,SP-FF-C05,FF-C05,true,,false,
sensitivity,SP-FF-C06,FF-C06,true,,false,
sensitivity,SP-FF-CV01,FF-CV01,false,,true,"ADR-022 item 1: no requirement supplies per-layer naming patterns (they compile to .*); excluded, commit 4e94cea"
sensitivity,SP-FF-CV02,FF-CV02,true,,false,
sensitivity,SP-FF-CV03,FF-CV03,true,,false,
sensitivity,SP-FF-CV04,FF-CV04,false,,true,"ADR-022 item 1: decorators are not ingested (BR-U2-31), a fix needs a requirement outside ADR-015..018; excluded, commit 4e94cea"
sensitivity,SP-FF-CV05,FF-CV05,true,,false,
sensitivity,SP-FF-CV06,FF-CV06,true,,false,"ADR-022 item 2: template reads index.ts/index.tsx files as well as extractor barrels, commit 165ec73"
sensitivity,SP-FF-P01,FF-P01,true,true,false,
sensitivity,SP-FF-P02,FF-P02,true,,false,
sensitivity,SP-FF-P03,FF-P03,true,,false,
sensitivity,SP-FF-P04,FF-P04,true,,false,
sensitivity,SP-FF-P05,FF-P05,true,,false,
sensitivity,SP-FF-S01,FF-S01,true,true,false,
sensitivity,SP-FF-S02,FF-S02,true,true,false,
sensitivity,SP-FF-S03,FF-S03,true,true,false,
sensitivity,SP-FF-S04,FF-S04,true,true,false,
sensitivity,SP-FF-SO01,FF-SO01,true,,false,
sensitivity,SP-FF-SO02,FF-SO02,true,,false,
sensitivity,SP-FF-SO03,FF-SO03,true,,false,
