run_id,ablated,ahs_source,ahs,verdict,delta_ahs
sensitivity-000-correct-reference,structural,ahsDeterministic,0.929,pass,-0.025
sensitivity-000-correct-reference,coupling,ahsDeterministic,0.984,pass,0.030
sensitivity-000-correct-reference,pattern,ahsDeterministic,0.934,pass,-0.020
sensitivity-000-correct-reference,solid,ahsDeterministic,0.949,pass,-0.005
sensitivity-000-correct-reference,convention,ahsDeterministic,0.965,pass,0.011
sensitivity-001-correct-reference,structural,ahsDeterministic,0.913,pass,0.203
sensitivity-001-correct-reference,coupling,ahsDeterministic,0.687,warning,-0.023
sensitivity-001-correct-reference,pattern,ahsDeterministic,0.586,soft-block,-0.124
sensitivity-001-correct-reference,solid,ahsDeterministic,0.678,warning,-0.032
sensitivity-001-correct-reference,convention,ahsDeterministic,0.712,warning,0.002
sensitivity-002-correct-reference_SP-FF-S01_0,structural,ahsDeterministic,0.878,pass,0.191
sensitivity-002-correct-reference_SP-FF-S01_0,coupling,ahsDeterministic,0.693,warning,0.006
sensitivity-002-correct-reference_SP-FF-S01_0,pattern,ahsDeterministic,0.554,soft-block,-0.133
sensitivity-002-correct-reference_SP-FF-S01_0,solid,ahsDeterministic,0.653,warning,-0.034
sensitivity-002-correct-reference_SP-FF-S01_0,convention,ahsDeterministic,0.684,warning,-0.003
sensitivity-003-correct-reference_SP-FF-S02_0,structural,ahsDeterministic,0.929,pass,0.091
sensitivity-003-correct-reference_SP-FF-S02_0,coupling,ahsDeterministic,0.839,pass,0.001
sensitivity-003-correct-reference_SP-FF-S02_0,pattern,ahsDeterministic,0.768,warning,-0.070
sensitivity-003-correct-reference_SP-FF-S02_0,solid,ahsDeterministic,0.820,pass,-0.018
sensitivity-003-correct-reference_SP-FF-S02_0,convention,ahsDeterministic,0.842,pass,0.004
sensitivity-004-correct-reference_SP-FF-S03_0,structural,ahsDeterministic,0.913,pass,0.203
sensitivity-004-correct-reference_SP-FF-S03_0,coupling,ahsDeterministic,0.687,warning,-0.023
sensitivity-004-correct-reference_SP-FF-S03_0,pattern,ahsDeterministic,0.586,soft-block,-0.124
sensitivity-004-correct-reference_SP-FF-S03_0,solid,ahsDeterministic,0.678,warning,-0.032
sensitivity-004-correct-reference_SP-FF-S03_0,convention,ahsDeterministic,0.712,warning,0.002
sensitivity-005-correct-reference_SP-FF-S04_0,structural,ahsDeterministic,0.878,pass,0.191
sensitivity-005-correct-reference_SP-FF-S04_0,coupling,ahsDeterministic,0.693,warning,0.006
sensitivity-005-correct-reference_SP-FF-S04_0,pattern,ahsDeterministic,0.554,soft-block,-0.133
sensitivity-005-correct-reference_SP-FF-S04_0,solid,ahsDeterministic,0.653,warning,-0.034
sensitivity-005-correct-reference_SP-FF-S04_0,convention,ahsDeterministic,0.684,warning,-0.003
sensitivity-006-correct-reference_SP-FF-P01_0,structural,ahsDeterministic,0.852,pass,-0.052
sensitivity-006-correct-reference_SP-FF-P01_0,coupling,ahsDeterministic,0.922,pass,0.018
sensitivity-006-correct-reference_SP-FF-P01_0,pattern,ahsDeterministic,0.934,pass,0.030
sensitivity-006-correct-reference_SP-FF-P01_0,solid,ahsDeterministic,0.893,pass,-0.011
sensitivity-006-correct-reference_SP-FF-P01_0,convention,ahsDeterministic,0.912,pass,0.008
sensitivity-007-correct-reference_SP-FF-P02_0,structural,ahsDeterministic,0.852,pass,-0.052
sensitivity-007-correct-reference_SP-FF-P02_0,coupling,ahsDeterministic,0.922,pass,0.018
sensitivity-007-correct-reference_SP-FF-P02_0,pattern,ahsDeterministic,0.934,pass,0.030
sensitivity-007-correct-reference_SP-FF-P02_0,solid,ahsDeterministic,0.893,pass,-0.011
sensitivity-007-correct-reference_SP-FF-P02_0,convention,ahsDeterministic,0.912,pass,0.008
sensitivity-008-correct-reference_SP-FF-P03_0,structural,ahsDeterministic,0.852,pass,-0.052
sensitivity-008-correct-reference_SP-FF-P03_0,coupling,ahsDeterministic,0.922,pass,0.018
sensitivity-008-correct-reference_SP-FF-P03_0,pattern,ahsDeterministic,0.934,pass,0.030
sensitivity-008-correct-reference_SP-FF-P03_0,solid,ahsDeterministic,0.893,pass,-0.011
sensitivity-008-correct-reference_SP-FF-P03_0,convention,ahsDeterministic,0.912,pass,0.008
sensitivity-009-correct-reference_SP-FF-P04_0,structural,ahsDeterministic,0.776,warning,0.038
sensitivity-009-correct-reference_SP-FF-P04_0,coupling,ahsDeterministic,0.714,warning,-0.024
sensitivity-009-correct-reference_SP-FF-P04_0,pattern,ahsDeterministic,0.768,warning,0.030
sensitivity-009-correct-reference_SP-FF-P04_0,solid,ahsDeterministic,0.709,warning,-0.029
sensitivity-009-correct-reference_SP-FF-P04_0,convention,ahsDeterministic,0.737,warning,-0.001
sensitivity-010-correct-reference_SP-FF-P05_0,structural,ahsDeterministic,0.852,pass,-0.052
sensitivity-010-correct-reference_SP-FF-P05_0,coupling,ahsDeterministic,0.922,pass,0.018
sensitivity-010-correct-reference_SP-FF-P05_0,pattern,ahsDeterministic,0.934,pass,0.030
sensitivity-010-correct-reference_SP-FF-P05_0,solid,ahsDeterministic,0.893,pass,-0.011
sensitivity-010-correct-reference_SP-FF-P05_0,convention,ahsDeterministic,0.912,pass,0.008
sensitivity-011-correct-reference_SP-DF01-ci_0,structural,ahsDeterministic,0.801,pass,0.164
sensitivity-011-correct-reference_SP-DF01-ci_0,coupling,ahsDeterministic,0.630,soft-block,-0.007
sensitivity-011-correct-reference_SP-DF01-ci_0,pattern,ahsDeterministic,0.554,soft-block,-0.083
sensitivity-011-correct-reference_SP-DF01-ci_0,solid,ahsDeterministic,0.597,soft-block,-0.040
sensitivity-011-correct-reference_SP-DF01-ci_0,convention,ahsDeterministic,0.631,soft-block,-0.006
sensitivity-012-correct-reference_SP-FF-C01_0,structural,ahsDeterministic,0.878,pass,0.191
sensitivity-012-correct-reference_SP-FF-C01_0,coupling,ahsDeterministic,0.693,warning,0.006
sensitivity-012-correct-reference_SP-FF-C01_0,pattern,ahsDeterministic,0.554,soft-block,-0.133
sensitivity-012-correct-reference_SP-FF-C01_0,solid,ahsDeterministic,0.653,warning,-0.034
sensitivity-012-correct-reference_SP-FF-C01_0,convention,ahsDeterministic,0.684,warning,-0.003
sensitivity-013-correct-reference_SP-FF-C02_0,structural,ahsDeterministic,0.878,pass,-0.043
sensitivity-013-correct-reference_SP-FF-C02_0,coupling,ahsDeterministic,0.984,pass,0.063
sensitivity-013-correct-reference_SP-FF-C02_0,pattern,ahsDeterministic,0.887,pass,-0.034
sensitivity-013-correct-reference_SP-FF-C02_0,solid,ahsDeterministic,0.912,pass,-0.009
sensitivity-013-correct-reference_SP-FF-C02_0,convention,ahsDeterministic,0.930,pass,0.009
sensitivity-014-correct-reference_SP-FF-C03_0,structural,ahsDeterministic,0.929,pass,-0.025
sensitivity-014-correct-reference_SP-FF-C03_0,coupling,ahsDeterministic,0.984,pass,0.030
sensitivity-014-correct-reference_SP-FF-C03_0,pattern,ahsDeterministic,0.934,pass,-0.020
sensitivity-014-correct-reference_SP-FF-C03_0,solid,ahsDeterministic,0.949,pass,-0.005
sensitivity-014-correct-reference_SP-FF-C03_0,convention,ahsDeterministic,0.965,pass,0.011
sensitivity-015-correct-reference_SP-FF-C04_0,structural,ahsDeterministic,0.878,pass,-0.043
sensitivity-015-correct-reference_SP-FF-C04_0,coupling,ahsDeterministic,0.984,pass,0.063
sensitivity-015-correct-reference_SP-FF-C04_0,pattern,ahsDeterministic,0.887,pass,-0.034
sensitivity-015-correct-reference_SP-FF-C04_0,solid,ahsDeterministic,0.912,pass,-0.009
sensitivity-015-correct-reference_SP-FF-C04_0,convention,ahsDeterministic,0.930,pass,0.009
sensitivity-016-correct-reference_SP-FF-C05_0,structural,ahsDeterministic,0.878,pass,-0.043
sensitivity-016-correct-reference_SP-FF-C05_0,coupling,ahsDeterministic,0.984,pass,0.063
sensitivity-016-correct-reference_SP-FF-C05_0,pattern,ahsDeterministic,0.887,pass,-0.034
sensitivity-016-correct-reference_SP-FF-C05_0,solid,ahsDeterministic,0.912,pass,-0.009
sensitivity-016-correct-reference_SP-FF-C05_0,convention,ahsDeterministic,0.930,pass,0.009
sensitivity-017-correct-reference_SP-FF-C06_0,structural,ahsDeterministic,0.827,pass,-0.061
sensitivity-017-correct-reference_SP-FF-C06_0,coupling,ahsDeterministic,0.984,pass,0.096
sensitivity-017-correct-reference_SP-FF-C06_0,pattern,ahsDeterministic,0.839,pass,-0.049
sensitivity-017-correct-reference_SP-FF-C06_0,solid,ahsDeterministic,0.875,pass,-0.013
sensitivity-017-correct-reference_SP-FF-C06_0,convention,ahsDeterministic,0.895,pass,0.007
sensitivity-018-correct-reference_SP-FF-SO01_0,structural,ahsDeterministic,0.878,pass,-0.043
sensitivity-018-correct-reference_SP-FF-SO01_0,coupling,ahsDeterministic,0.943,pass,0.022
sensitivity-018-correct-reference_SP-FF-SO01_0,pattern,ahsDeterministic,0.887,pass,-0.034
sensitivity-018-correct-reference_SP-FF-SO01_0,solid,ahsDeterministic,0.949,pass,0.028
sensitivity-018-correct-reference_SP-FF-SO01_0,convention,ahsDeterministic,0.930,pass,0.009
sensitivity-019-correct-reference_SP-FF-SO02_0,structural,ahsDeterministic,0.878,pass,-0.043
sensitivity-019-correct-reference_SP-FF-SO02_0,coupling,ahsDeterministic,0.943,pass,0.022
sensitivity-019-correct-reference_SP-FF-SO02_0,pattern,ahsDeterministic,0.887,pass,-0.034
sensitivity-019-correct-reference_SP-FF-SO02_0,solid,ahsDeterministic,0.949,pass,0.028
sensitivity-019-correct-reference_SP-FF-SO02_0,convention,ahsDeterministic,0.930,pass,0.009
sensitivity-020-correct-reference_SP-FF-SO03_0,structural,ahsDeterministic,0.827,pass,-0.061
sensitivity-020-correct-reference_SP-FF-SO03_0,coupling,ahsDeterministic,0.943,pass,0.055
sensitivity-020-correct-reference_SP-FF-SO03_0,pattern,ahsDeterministic,0.839,pass,-0.049
sensitivity-020-correct-reference_SP-FF-SO03_0,solid,ahsDeterministic,0.912,pass,0.024
sensitivity-020-correct-reference_SP-FF-SO03_0,convention,ahsDeterministic,0.895,pass,0.007
sensitivity-021-correct-reference_SP-FF-CV01_0,structural,ahsDeterministic,0.929,pass,-0.025
sensitivity-021-correct-reference_SP-FF-CV01_0,coupling,ahsDeterministic,0.984,pass,0.030
sensitivity-021-correct-reference_SP-FF-CV01_0,pattern,ahsDeterministic,0.934,pass,-0.020
sensitivity-021-correct-reference_SP-FF-CV01_0,solid,ahsDeterministic,0.949,pass,-0.005
sensitivity-021-correct-reference_SP-FF-CV01_0,convention,ahsDeterministic,0.965,pass,0.011
sensitivity-022-correct-reference_SP-FF-CV02_0,structural,ahsDeterministic,0.910,pass,-0.032
sensitivity-022-correct-reference_SP-FF-CV02_0,coupling,ahsDeterministic,0.969,pass,0.027
sensitivity-022-correct-reference_SP-FF-CV02_0,pattern,ahsDeterministic,0.917,pass,-0.025
sensitivity-022-correct-reference_SP-FF-CV02_0,solid,ahsDeterministic,0.935,pass,-0.007
sensitivity-022-correct-reference_SP-FF-CV02_0,convention,ahsDeterministic,0.965,pass,0.023
sensitivity-023-correct-reference_SP-FF-CV03_0,structural,ahsDeterministic,0.910,pass,-0.032
sensitivity-023-correct-reference_SP-FF-CV03_0,coupling,ahsDeterministic,0.969,pass,0.027
sensitivity-023-correct-reference_SP-FF-CV03_0,pattern,ahsDeterministic,0.917,pass,-0.025
sensitivity-023-correct-reference_SP-FF-CV03_0,solid,ahsDeterministic,0.935,pass,-0.007
sensitivity-023-correct-reference_SP-FF-CV03_0,convention,ahsDeterministic,0.965,pass,0.023
sensitivity-024-correct-reference_SP-FF-CV04_0,structural,ahsDeterministic,0.929,pass,-0.025
sensitivity-024-correct-reference_SP-FF-CV04_0,coupling,ahsDeterministic,0.984,pass,0.030
sensitivity-024-correct-reference_SP-FF-CV04_0,pattern,ahsDeterministic,0.934,pass,-0.020
sensitivity-024-correct-reference_SP-FF-CV04_0,solid,ahsDeterministic,0.949,pass,-0.005
sensitivity-024-correct-reference_SP-FF-CV04_0,convention,ahsDeterministic,0.965,pass,0.011
sensitivity-025-correct-reference_SP-FF-CV05_0,structural,ahsDeterministic,0.929,pass,-0.025
sensitivity-025-correct-reference_SP-FF-CV05_0,coupling,ahsDeterministic,0.984,pass,0.030
sensitivity-025-correct-reference_SP-FF-CV05_0,pattern,ahsDeterministic,0.934,pass,-0.020
sensitivity-025-correct-reference_SP-FF-CV05_0,solid,ahsDeterministic,0.949,pass,-0.005
sensitivity-025-correct-reference_SP-FF-CV05_0,convention,ahsDeterministic,0.965,pass,0.011
sensitivity-026-correct-reference_SP-FF-CV06_0,structural,ahsDeterministic,0.910,pass,-0.032
sensitivity-026-correct-reference_SP-FF-CV06_0,coupling,ahsDeterministic,0.969,pass,0.027
sensitivity-026-correct-reference_SP-FF-CV06_0,pattern,ahsDeterministic,0.917,pass,-0.025
sensitivity-026-correct-reference_SP-FF-CV06_0,solid,ahsDeterministic,0.935,pass,-0.007
sensitivity-026-correct-reference_SP-FF-CV06_0,convention,ahsDeterministic,0.965,pass,0.023
