function_id,project_id,units_selected,units_valid,units_invalid,units_fail,units_pass,units_split_vote,units_unstable,mean_confidence_valid,units_uncoded_fail
FF-N01,dry-run-test,20,20,0,2,18,0,0,0.863500,0
FF-N01,ghostfolio-test,20,20,0,6,14,0,0,0.768833,0
FF-N01,nestjslatam__ddd,20,20,0,4,16,0,0,0.786667,0
FF-N01,raouf-b-dev__ecommerce-store-api,20,20,0,6,14,0,0,0.753167,0
FF-N01,realworld-test,16,16,0,5,11,0,0,0.783125,0
FF-N01,truthy-demo,20,20,0,3,17,0,0,0.777917,0
FF-N01,v-aguiar__valex,5,5,0,1,4,0,0,0.762000,0
FF-N01,zhuravlevma__nestjs-active-record,11,11,0,1,10,0,0,0.826364,0
FF-N01,zhuravlevma__typescript-ddd-architecture,20,20,0,3,17,0,0,0.823500,0
FF-N01,*,152,152,0,31,121,0,0,0.795406,0
FF-N02,dry-run-test,20,20,0,9,11,0,0,0.809167,0
FF-N02,ghostfolio-test,20,20,0,8,12,0,0,0.740417,0
FF-N02,nestjslatam__ddd,20,20,0,2,18,0,0,0.857333,0
FF-N02,raouf-b-dev__ecommerce-store-api,20,20,0,5,15,0,0,0.768083,0
FF-N02,realworld-test,20,20,0,9,11,0,0,0.792667,0
FF-N02,truthy-demo,20,20,0,6,14,0,0,0.834667,0
FF-N02,v-aguiar__valex,19,19,0,0,19,0,0,0.888421,0
FF-N02,zhuravlevma__nestjs-active-record,20,20,0,2,18,0,0,0.880667,0
FF-N02,zhuravlevma__typescript-ddd-architecture,20,20,0,1,19,0,0,0.878000,0
FF-N02,*,179,179,0,42,137,0,0,0.827374,0
