function_id,project_id,criterion,fail_units,fail_message_share,pass_units,pass_reasoning_guarded_share,discrimination,informative
FF-N01,dry-run-test,JC-N01-SPLIT,2,0.000000,18,0.166667,-0.166667,false
FF-N01,dry-run-test,JC-N01-DUP,2,1.000000,18,0.611111,0.388889,true
FF-N01,dry-run-test,JC-N01-BYPASS,2,0.000000,18,0.333333,-0.333333,false
FF-N01,ghostfolio-test,JC-N01-SPLIT,6,0.000000,14,0.214286,-0.214286,false
FF-N01,ghostfolio-test,JC-N01-DUP,6,1.000000,14,0.857143,0.142857,false
FF-N01,ghostfolio-test,JC-N01-BYPASS,6,0.333333,14,0.357143,-0.023810,false
FF-N01,nestjslatam__ddd,JC-N01-SPLIT,4,0.000000,16,0.312500,-0.312500,false
FF-N01,nestjslatam__ddd,JC-N01-DUP,4,1.000000,16,0.812500,0.187500,false
FF-N01,nestjslatam__ddd,JC-N01-BYPASS,4,0.000000,16,0.375000,-0.375000,false
FF-N01,raouf-b-dev__ecommerce-store-api,JC-N01-SPLIT,6,0.000000,14,0.071429,-0.071429,false
FF-N01,raouf-b-dev__ecommerce-store-api,JC-N01-DUP,6,1.000000,14,0.571429,0.428571,true
FF-N01,raouf-b-dev__ecommerce-store-api,JC-N01-BYPASS,6,0.500000,14,0.285714,0.214286,false
FF-N01,realworld-test,JC-N01-SPLIT,5,0.400000,11,0.545455,-0.145455,false
FF-N01,realworld-test,JC-N01-DUP,5,0.800000,11,0.636364,0.163636,false
FF-N01,realworld-test,JC-N01-BYPASS,5,0.600000,11,0.272727,0.327273,true
FF-N01,truthy-demo,JC-N01-SPLIT,3,0.666667,17,0.411765,0.254902,false
FF-N01,truthy-demo,JC-N01-DUP,3,1.000000,17,0.764706,0.235294,false
FF-N01,truthy-demo,JC-N01-BYPASS,3,0.333333,17,0.411765,-0.078431,false
FF-N01,v-aguiar__valex,JC-N01-SPLIT,1,0.000000,4,0.000000,0.000000,false
FF-N01,v-aguiar__valex,JC-N01-DUP,1,1.000000,4,1.000000,0.000000,false
FF-N01,v-aguiar__valex,JC-N01-BYPASS,1,1.000000,4,0.250000,0.750000,true
FF-N01,zhuravlevma__nestjs-active-record,JC-N01-SPLIT,1,0.000000,10,0.300000,-0.300000,false
FF-N01,zhuravlevma__nestjs-active-record,JC-N01-DUP,1,1.000000,10,0.500000,0.500000,true
FF-N01,zhuravlevma__nestjs-active-record,JC-N01-BYPASS,1,0.000000,10,0.400000,-0.400000,false
FF-N01,zhuravlevma__typescript-ddd-architecture,JC-N01-SPLIT,3,0.000000,17,0.058824,-0.058824,false
FF-N01,zhuravlevma__typescript-ddd-architecture,JC-N01-DUP,3,1.000000,17,0.294118,0.705882,true
FF-N01,zhuravlevma__typescript-ddd-architecture,JC-N01-BYPASS,3,0.000000,17,0.411765,-0.411765,false
FF-N01,*,JC-N01-SPLIT,31,0.129032,121,0.239669,-0.110637,false
FF-N01,*,JC-N01-DUP,31,0.967742,121,0.644628,0.323114,true
FF-N01,*,JC-N01-BYPASS,31,0.322581,121,0.355372,-0.032791,false
FF-N02,dry-run-test,JC-N02-PERSISTENCE,9,0.666667,11,0.545455,0.121212,false
FF-N02,dry-run-test,JC-N02-TRANSPORT,9,0.444444,11,0.363636,0.080808,false
FF-N02,dry-run-test,JC-N02-FRAMEWORK,9,0.777778,11,0.545455,0.232323,false
FF-N02,dry-run-test,JC-N02-BUSINESS,9,0.222222,11,0.272727,-0.050505,false
FF-N02,ghostfolio-test,JC-N02-PERSISTENCE,8,0.625000,12,0.416667,0.208333,false
FF-N02,ghostfolio-test,JC-N02-TRANSPORT,8,0.125000,12,0.333333,-0.208333,false
FF-N02,ghostfolio-test,JC-N02-FRAMEWORK,8,0.000000,12,0.583333,-0.583333,false
FF-N02,ghostfolio-test,JC-N02-BUSINESS,8,0.250000,12,0.500000,-0.250000,false
FF-N02,nestjslatam__ddd,JC-N02-PERSISTENCE,2,0.000000,18,0.500000,-0.500000,false
FF-N02,nestjslatam__ddd,JC-N02-TRANSPORT,2,1.000000,18,0.277778,0.722222,true
FF-N02,nestjslatam__ddd,JC-N02-FRAMEWORK,2,1.000000,18,0.666667,0.333333,true
FF-N02,nestjslatam__ddd,JC-N02-BUSINESS,2,0.500000,18,0.388889,0.111111,false
FF-N02,raouf-b-dev__ecommerce-store-api,JC-N02-PERSISTENCE,5,0.800000,15,0.466667,0.333333,true
FF-N02,raouf-b-dev__ecommerce-store-api,JC-N02-TRANSPORT,5,0.600000,15,0.600000,0.000000,false
FF-N02,raouf-b-dev__ecommerce-store-api,JC-N02-FRAMEWORK,5,1.000000,15,0.666667,0.333333,true
FF-N02,raouf-b-dev__ecommerce-store-api,JC-N02-BUSINESS,5,0.000000,15,0.533333,-0.533333,false
FF-N02,realworld-test,JC-N02-PERSISTENCE,9,0.777778,11,0.363636,0.414141,true
FF-N02,realworld-test,JC-N02-TRANSPORT,9,0.333333,11,0.454545,-0.121212,false
FF-N02,realworld-test,JC-N02-FRAMEWORK,9,0.555556,11,0.636364,-0.080808,false
FF-N02,realworld-test,JC-N02-BUSINESS,9,0.222222,11,0.272727,-0.050505,false
FF-N02,truthy-demo,JC-N02-PERSISTENCE,6,1.000000,14,0.285714,0.714286,true
FF-N02,truthy-demo,JC-N02-TRANSPORT,6,0.333333,14,0.571429,-0.238095,false
FF-N02,truthy-demo,JC-N02-FRAMEWORK,6,0.500000,14,0.857143,-0.357143,false
FF-N02,truthy-demo,JC-N02-BUSINESS,6,0.166667,14,0.428571,-0.261905,false
FF-N02,v-aguiar__valex,JC-N02-PERSISTENCE,0,,19,0.578947,,
FF-N02,v-aguiar__valex,JC-N02-TRANSPORT,0,,19,0.684211,,
FF-N02,v-aguiar__valex,JC-N02-FRAMEWORK,0,,19,0.105263,,
FF-N02,v-aguiar__valex,JC-N02-BUSINESS,0,,19,0.578947,,
FF-N02,zhuravlevma__nestjs-active-record,JC-N02-PERSISTENCE,2,1.000000,18,0.611111,0.388889,true
FF-N02,zhuravlevma__nestjs-active-record,JC-N02-TRANSPORT,2,0.000000,18,0.166667,-0.166667,false
FF-N02,zhuravlevma__nestjs-active-record,JC-N02-FRAMEWORK,2,1.000000,18,0.833333,0.166667,false
FF-N02,zhuravlevma__nestjs-active-record,JC-N02-BUSINESS,2,0.000000,18,0.444444,-0.444444,false
FF-N02,zhuravlevma__typescript-ddd-architecture,JC-N02-PERSISTENCE,1,1.000000,19,0.473684,0.526316,true
FF-N02,zhuravlevma__typescript-ddd-architecture,JC-N02-TRANSPORT,1,0.000000,19,0.315789,-0.315789,false
FF-N02,zhuravlevma__typescript-ddd-architecture,JC-N02-FRAMEWORK,1,1.000000,19,0.631579,0.368421,true
FF-N02,zhuravlevma__typescript-ddd-architecture,JC-N02-BUSINESS,1,0.000000,19,0.368421,-0.368421,false
FF-N02,*,JC-N02-PERSISTENCE,42,0.738095,137,0.481752,0.256343,false
FF-N02,*,JC-N02-TRANSPORT,42,0.357143,137,0.416058,-0.058916,false
FF-N02,*,JC-N02-FRAMEWORK,42,0.595238,137,0.605839,-0.010601,false
FF-N02,*,JC-N02-BUSINESS,42,0.190476,137,0.430657,-0.240181,false
