function_id,project_id,verdict,criterion,units_coded,units_in_group,share
FF-N01,dry-run-test,fail,JC-N01-SPLIT,0,2,0.000000
FF-N01,dry-run-test,fail,JC-N01-DUP,2,2,1.000000
FF-N01,dry-run-test,fail,JC-N01-BYPASS,0,2,0.000000
FF-N01,dry-run-test,fail,JC-UNCODED,0,2,0.000000
FF-N01,dry-run-test,pass,JC-N01-SPLIT,9,18,0.500000
FF-N01,dry-run-test,pass,JC-N01-DUP,18,18,1.000000
FF-N01,dry-run-test,pass,JC-N01-BYPASS,11,18,0.611111
FF-N01,dry-run-test,pass,JC-UNCODED,0,18,0.000000
FF-N01,ghostfolio-test,fail,JC-N01-SPLIT,0,6,0.000000
FF-N01,ghostfolio-test,fail,JC-N01-DUP,6,6,1.000000
FF-N01,ghostfolio-test,fail,JC-N01-BYPASS,3,6,0.500000
FF-N01,ghostfolio-test,fail,JC-UNCODED,0,6,0.000000
FF-N01,ghostfolio-test,pass,JC-N01-SPLIT,5,14,0.357143
FF-N01,ghostfolio-test,pass,JC-N01-DUP,14,14,1.000000
FF-N01,ghostfolio-test,pass,JC-N01-BYPASS,9,14,0.642857
FF-N01,ghostfolio-test,pass,JC-UNCODED,0,14,0.000000
FF-N01,nestjslatam__ddd,fail,JC-N01-SPLIT,1,4,0.250000
FF-N01,nestjslatam__ddd,fail,JC-N01-DUP,4,4,1.000000
FF-N01,nestjslatam__ddd,fail,JC-N01-BYPASS,1,4,0.250000
FF-N01,nestjslatam__ddd,fail,JC-UNCODED,0,4,0.000000
FF-N01,nestjslatam__ddd,pass,JC-N01-SPLIT,8,16,0.500000
FF-N01,nestjslatam__ddd,pass,JC-N01-DUP,16,16,1.000000
FF-N01,nestjslatam__ddd,pass,JC-N01-BYPASS,8,16,0.500000
FF-N01,nestjslatam__ddd,pass,JC-UNCODED,0,16,0.000000
FF-N01,raouf-b-dev__ecommerce-store-api,fail,JC-N01-SPLIT,0,6,0.000000
FF-N01,raouf-b-dev__ecommerce-store-api,fail,JC-N01-DUP,6,6,1.000000
FF-N01,raouf-b-dev__ecommerce-store-api,fail,JC-N01-BYPASS,4,6,0.666667
FF-N01,raouf-b-dev__ecommerce-store-api,fail,JC-UNCODED,0,6,0.000000
FF-N01,raouf-b-dev__ecommerce-store-api,pass,JC-N01-SPLIT,5,14,0.357143
FF-N01,raouf-b-dev__ecommerce-store-api,pass,JC-N01-DUP,13,14,0.928571
FF-N01,raouf-b-dev__ecommerce-store-api,pass,JC-N01-BYPASS,10,14,0.714286
FF-N01,raouf-b-dev__ecommerce-store-api,pass,JC-UNCODED,0,14,0.000000
FF-N01,realworld-test,fail,JC-N01-SPLIT,3,5,0.600000
FF-N01,realworld-test,fail,JC-N01-DUP,4,5,0.800000
FF-N01,realworld-test,fail,JC-N01-BYPASS,3,5,0.600000
FF-N01,realworld-test,fail,JC-UNCODED,0,5,0.000000
FF-N01,realworld-test,pass,JC-N01-SPLIT,8,11,0.727273
FF-N01,realworld-test,pass,JC-N01-DUP,11,11,1.000000
FF-N01,realworld-test,pass,JC-N01-BYPASS,7,11,0.636364
FF-N01,realworld-test,pass,JC-UNCODED,0,11,0.000000
FF-N01,truthy-demo,fail,JC-N01-SPLIT,2,3,0.666667
FF-N01,truthy-demo,fail,JC-N01-DUP,3,3,1.000000
FF-N01,truthy-demo,fail,JC-N01-BYPASS,1,3,0.333333
FF-N01,truthy-demo,fail,JC-UNCODED,0,3,0.000000
FF-N01,truthy-demo,pass,JC-N01-SPLIT,12,17,0.705882
FF-N01,truthy-demo,pass,JC-N01-DUP,17,17,1.000000
FF-N01,truthy-demo,pass,JC-N01-BYPASS,10,17,0.588235
FF-N01,truthy-demo,pass,JC-UNCODED,0,17,0.000000
FF-N01,v-aguiar__valex,fail,JC-N01-SPLIT,0,1,0.000000
FF-N01,v-aguiar__valex,fail,JC-N01-DUP,1,1,1.000000
FF-N01,v-aguiar__valex,fail,JC-N01-BYPASS,1,1,1.000000
FF-N01,v-aguiar__valex,fail,JC-UNCODED,0,1,0.000000
FF-N01,v-aguiar__valex,pass,JC-N01-SPLIT,1,4,0.250000
FF-N01,v-aguiar__valex,pass,JC-N01-DUP,4,4,1.000000
FF-N01,v-aguiar__valex,pass,JC-N01-BYPASS,2,4,0.500000
FF-N01,v-aguiar__valex,pass,JC-UNCODED,0,4,0.000000
FF-N01,zhuravlevma__nestjs-active-record,fail,JC-N01-SPLIT,1,1,1.000000
FF-N01,zhuravlevma__nestjs-active-record,fail,JC-N01-DUP,1,1,1.000000
FF-N01,zhuravlevma__nestjs-active-record,fail,JC-N01-BYPASS,0,1,0.000000
FF-N01,zhuravlevma__nestjs-active-record,fail,JC-UNCODED,0,1,0.000000
FF-N01,zhuravlevma__nestjs-active-record,pass,JC-N01-SPLIT,6,10,0.600000
FF-N01,zhuravlevma__nestjs-active-record,pass,JC-N01-DUP,10,10,1.000000
FF-N01,zhuravlevma__nestjs-active-record,pass,JC-N01-BYPASS,5,10,0.500000
FF-N01,zhuravlevma__nestjs-active-record,pass,JC-UNCODED,0,10,0.000000
FF-N01,zhuravlevma__typescript-ddd-architecture,fail,JC-N01-SPLIT,0,3,0.000000
FF-N01,zhuravlevma__typescript-ddd-architecture,fail,JC-N01-DUP,3,3,1.000000
FF-N01,zhuravlevma__typescript-ddd-architecture,fail,JC-N01-BYPASS,0,3,0.000000
FF-N01,zhuravlevma__typescript-ddd-architecture,fail,JC-UNCODED,0,3,0.000000
FF-N01,zhuravlevma__typescript-ddd-architecture,pass,JC-N01-SPLIT,7,17,0.411765
FF-N01,zhuravlevma__typescript-ddd-architecture,pass,JC-N01-DUP,16,17,0.941176
FF-N01,zhuravlevma__typescript-ddd-architecture,pass,JC-N01-BYPASS,11,17,0.647059
FF-N01,zhuravlevma__typescript-ddd-architecture,pass,JC-UNCODED,0,17,0.000000
FF-N01,*,fail,JC-N01-SPLIT,7,31,0.225806
FF-N01,*,fail,JC-N01-DUP,30,31,0.967742
FF-N01,*,fail,JC-N01-BYPASS,13,31,0.419355
FF-N01,*,fail,JC-UNCODED,0,31,0.000000
FF-N01,*,pass,JC-N01-SPLIT,61,121,0.504132
FF-N01,*,pass,JC-N01-DUP,119,121,0.983471
FF-N01,*,pass,JC-N01-BYPASS,73,121,0.603306
FF-N01,*,pass,JC-UNCODED,0,121,0.000000
FF-N02,dry-run-test,fail,JC-N02-PERSISTENCE,7,9,0.777778
FF-N02,dry-run-test,fail,JC-N02-TRANSPORT,4,9,0.444444
FF-N02,dry-run-test,fail,JC-N02-FRAMEWORK,8,9,0.888889
FF-N02,dry-run-test,fail,JC-N02-BUSINESS,4,9,0.444444
FF-N02,dry-run-test,fail,JC-UNCODED,0,9,0.000000
FF-N02,dry-run-test,pass,JC-N02-PERSISTENCE,11,11,1.000000
FF-N02,dry-run-test,pass,JC-N02-TRANSPORT,11,11,1.000000
FF-N02,dry-run-test,pass,JC-N02-FRAMEWORK,7,11,0.636364
FF-N02,dry-run-test,pass,JC-N02-BUSINESS,11,11,1.000000
FF-N02,dry-run-test,pass,JC-UNCODED,0,11,0.000000
FF-N02,ghostfolio-test,fail,JC-N02-PERSISTENCE,5,8,0.625000
FF-N02,ghostfolio-test,fail,JC-N02-TRANSPORT,4,8,0.500000
FF-N02,ghostfolio-test,fail,JC-N02-FRAMEWORK,2,8,0.250000
FF-N02,ghostfolio-test,fail,JC-N02-BUSINESS,4,8,0.500000
FF-N02,ghostfolio-test,fail,JC-UNCODED,0,8,0.000000
FF-N02,ghostfolio-test,pass,JC-N02-PERSISTENCE,12,12,1.000000
FF-N02,ghostfolio-test,pass,JC-N02-TRANSPORT,12,12,1.000000
FF-N02,ghostfolio-test,pass,JC-N02-FRAMEWORK,11,12,0.916667
FF-N02,ghostfolio-test,pass,JC-N02-BUSINESS,11,12,0.916667
FF-N02,ghostfolio-test,pass,JC-UNCODED,0,12,0.000000
FF-N02,nestjslatam__ddd,fail,JC-N02-PERSISTENCE,1,2,0.500000
FF-N02,nestjslatam__ddd,fail,JC-N02-TRANSPORT,2,2,1.000000
FF-N02,nestjslatam__ddd,fail,JC-N02-FRAMEWORK,2,2,1.000000
FF-N02,nestjslatam__ddd,fail,JC-N02-BUSINESS,1,2,0.500000
FF-N02,nestjslatam__ddd,fail,JC-UNCODED,0,2,0.000000
FF-N02,nestjslatam__ddd,pass,JC-N02-PERSISTENCE,18,18,1.000000
FF-N02,nestjslatam__ddd,pass,JC-N02-TRANSPORT,16,18,0.888889
FF-N02,nestjslatam__ddd,pass,JC-N02-FRAMEWORK,16,18,0.888889
FF-N02,nestjslatam__ddd,pass,JC-N02-BUSINESS,18,18,1.000000
FF-N02,nestjslatam__ddd,pass,JC-UNCODED,0,18,0.000000
FF-N02,raouf-b-dev__ecommerce-store-api,fail,JC-N02-PERSISTENCE,5,5,1.000000
FF-N02,raouf-b-dev__ecommerce-store-api,fail,JC-N02-TRANSPORT,3,5,0.600000
FF-N02,raouf-b-dev__ecommerce-store-api,fail,JC-N02-FRAMEWORK,5,5,1.000000
FF-N02,raouf-b-dev__ecommerce-store-api,fail,JC-N02-BUSINESS,4,5,0.800000
FF-N02,raouf-b-dev__ecommerce-store-api,fail,JC-UNCODED,0,5,0.000000
FF-N02,raouf-b-dev__ecommerce-store-api,pass,JC-N02-PERSISTENCE,13,15,0.866667
FF-N02,raouf-b-dev__ecommerce-store-api,pass,JC-N02-TRANSPORT,13,15,0.866667
FF-N02,raouf-b-dev__ecommerce-store-api,pass,JC-N02-FRAMEWORK,11,15,0.733333
FF-N02,raouf-b-dev__ecommerce-store-api,pass,JC-N02-BUSINESS,15,15,1.000000
FF-N02,raouf-b-dev__ecommerce-store-api,pass,JC-UNCODED,0,15,0.000000
FF-N02,realworld-test,fail,JC-N02-PERSISTENCE,8,9,0.888889
FF-N02,realworld-test,fail,JC-N02-TRANSPORT,3,9,0.333333
FF-N02,realworld-test,fail,JC-N02-FRAMEWORK,8,9,0.888889
FF-N02,realworld-test,fail,JC-N02-BUSINESS,6,9,0.666667
FF-N02,realworld-test,fail,JC-UNCODED,0,9,0.000000
FF-N02,realworld-test,pass,JC-N02-PERSISTENCE,11,11,1.000000
FF-N02,realworld-test,pass,JC-N02-TRANSPORT,10,11,0.909091
FF-N02,realworld-test,pass,JC-N02-FRAMEWORK,9,11,0.818182
FF-N02,realworld-test,pass,JC-N02-BUSINESS,11,11,1.000000
FF-N02,realworld-test,pass,JC-UNCODED,0,11,0.000000
FF-N02,truthy-demo,fail,JC-N02-PERSISTENCE,6,6,1.000000
FF-N02,truthy-demo,fail,JC-N02-TRANSPORT,2,6,0.333333
FF-N02,truthy-demo,fail,JC-N02-FRAMEWORK,4,6,0.666667
FF-N02,truthy-demo,fail,JC-N02-BUSINESS,4,6,0.666667
FF-N02,truthy-demo,fail,JC-UNCODED,0,6,0.000000
FF-N02,truthy-demo,pass,JC-N02-PERSISTENCE,12,14,0.857143
FF-N02,truthy-demo,pass,JC-N02-TRANSPORT,14,14,1.000000
FF-N02,truthy-demo,pass,JC-N02-FRAMEWORK,13,14,0.928571
FF-N02,truthy-demo,pass,JC-N02-BUSINESS,14,14,1.000000
FF-N02,truthy-demo,pass,JC-UNCODED,0,14,0.000000
FF-N02,v-aguiar__valex,pass,JC-N02-PERSISTENCE,19,19,1.000000
FF-N02,v-aguiar__valex,pass,JC-N02-TRANSPORT,18,19,0.947368
FF-N02,v-aguiar__valex,pass,JC-N02-FRAMEWORK,3,19,0.157895
FF-N02,v-aguiar__valex,pass,JC-N02-BUSINESS,18,19,0.947368
FF-N02,v-aguiar__valex,pass,JC-UNCODED,0,19,0.000000
FF-N02,zhuravlevma__nestjs-active-record,fail,JC-N02-PERSISTENCE,2,2,1.000000
FF-N02,zhuravlevma__nestjs-active-record,fail,JC-N02-TRANSPORT,0,2,0.000000
FF-N02,zhuravlevma__nestjs-active-record,fail,JC-N02-FRAMEWORK,2,2,1.000000
FF-N02,zhuravlevma__nestjs-active-record,fail,JC-N02-BUSINESS,2,2,1.000000
FF-N02,zhuravlevma__nestjs-active-record,fail,JC-UNCODED,0,2,0.000000
FF-N02,zhuravlevma__nestjs-active-record,pass,JC-N02-PERSISTENCE,18,18,1.000000
FF-N02,zhuravlevma__nestjs-active-record,pass,JC-N02-TRANSPORT,18,18,1.000000
FF-N02,zhuravlevma__nestjs-active-record,pass,JC-N02-FRAMEWORK,16,18,0.888889
FF-N02,zhuravlevma__nestjs-active-record,pass,JC-N02-BUSINESS,17,18,0.944444
FF-N02,zhuravlevma__nestjs-active-record,pass,JC-UNCODED,0,18,0.000000
FF-N02,zhuravlevma__typescript-ddd-architecture,fail,JC-N02-PERSISTENCE,1,1,1.000000
FF-N02,zhuravlevma__typescript-ddd-architecture,fail,JC-N02-TRANSPORT,0,1,0.000000
FF-N02,zhuravlevma__typescript-ddd-architecture,fail,JC-N02-FRAMEWORK,1,1,1.000000
FF-N02,zhuravlevma__typescript-ddd-architecture,fail,JC-N02-BUSINESS,1,1,1.000000
FF-N02,zhuravlevma__typescript-ddd-architecture,fail,JC-UNCODED,0,1,0.000000
FF-N02,zhuravlevma__typescript-ddd-architecture,pass,JC-N02-PERSISTENCE,19,19,1.000000
FF-N02,zhuravlevma__typescript-ddd-architecture,pass,JC-N02-TRANSPORT,18,19,0.947368
FF-N02,zhuravlevma__typescript-ddd-architecture,pass,JC-N02-FRAMEWORK,15,19,0.789474
FF-N02,zhuravlevma__typescript-ddd-architecture,pass,JC-N02-BUSINESS,18,19,0.947368
FF-N02,zhuravlevma__typescript-ddd-architecture,pass,JC-UNCODED,0,19,0.000000
FF-N02,*,fail,JC-N02-PERSISTENCE,35,42,0.833333
FF-N02,*,fail,JC-N02-TRANSPORT,18,42,0.428571
FF-N02,*,fail,JC-N02-FRAMEWORK,32,42,0.761905
FF-N02,*,fail,JC-N02-BUSINESS,26,42,0.619048
FF-N02,*,fail,JC-UNCODED,0,42,0.000000
FF-N02,*,pass,JC-N02-PERSISTENCE,133,137,0.970803
FF-N02,*,pass,JC-N02-TRANSPORT,130,137,0.948905
FF-N02,*,pass,JC-N02-FRAMEWORK,101,137,0.737226
FF-N02,*,pass,JC-N02-BUSINESS,133,137,0.970803
FF-N02,*,pass,JC-UNCODED,0,137,0.000000
