project_id,instrument,evaluation_mode,violations_symbolic,ahs_deterministic,verdict_deterministic_v1,ahs_combined,verdict
realworld-test,v1,symbolic-only,41,0.721000,warning,,
realworld-test,v2,full,28,0.721000,,0.743000,warning
ghostfolio-test,v1,symbolic-only,436,0.387000,hard-block,,
ghostfolio-test,v2,full,332,0.387000,,0.437000,hard-block
truthy-demo,v1,symbolic-only,125,0.387000,hard-block,,
truthy-demo,v2,full,88,0.387000,,0.441000,hard-block
dry-run-test,v1,symbolic-only,156,0.504000,soft-block,,
dry-run-test,v2,full,98,0.504000,,0.547000,soft-block
zhuravlevma__nestjs-active-record,v1,symbolic-only,55,0.538000,soft-block,,
zhuravlevma__nestjs-active-record,v2,full,45,0.571000,,0.608000,soft-block
nestjslatam__ddd,v1,symbolic-only,222,0.354000,hard-block,,
nestjslatam__ddd,v2,full,204,0.354000,,0.411000,hard-block
v-aguiar__valex,v1,symbolic-only,31,0.553000,soft-block,,
v-aguiar__valex,v2,full,31,0.553000,,0.591000,soft-block
zhuravlevma__typescript-ddd-architecture,v1,symbolic-only,257,0.392000,hard-block,,
zhuravlevma__typescript-ddd-architecture,v2,full,201,0.392000,,0.443000,hard-block
raouf-b-dev__ecommerce-store-api,v1,symbolic-only,921,0.175000,hard-block,,
raouf-b-dev__ecommerce-store-api,v2,full,777,0.175000,,0.247000,hard-block
